candidate,held_fold,category,global_weight,category_weight,shrunk_weight
ce_final_combo,fold_01,Автотовары,0.35,0.35,0.35
ce_final_combo,fold_01,Аптека,0.35,0.1,0.1625
ce_final_combo,fold_01,Бытовая техника,0.35,0.0,0.0875
ce_final_combo,fold_01,Бытовая химия,0.35,0.35,0.35
ce_final_combo,fold_01,Галантерея и аксессуары,0.35,0.35,0.35
ce_final_combo,fold_01,Детские товары,0.35,0.35,0.35
ce_final_combo,fold_01,Дом и сад,0.35,0.1,0.1625
ce_final_combo,fold_01,Канцелярские товары,0.35,0.35,0.35
ce_final_combo,fold_01,Красота и гигиена,0.35,0.35,0.35
ce_final_combo,fold_01,Мебель,0.35,0.35,0.35
ce_final_combo,fold_01,Музыкальные инструменты,0.35,0.35,0.35
ce_final_combo,fold_01,Обувь,0.35,0.2,0.23750000000000002
ce_final_combo,fold_01,Одежда,0.35,0.35,0.35
ce_final_combo,fold_01,Продукты питания,0.35,0.35,0.35
ce_final_combo,fold_01,Спорт и отдых,0.35,0.35,0.35
ce_final_combo,fold_01,Строительство и ремонт,0.35,0.35,0.35
ce_final_combo,fold_01,Товары для животных,0.35,0.35,0.35
ce_final_combo,fold_01,Хобби и творчество,0.35,0.35,0.35
ce_final_combo,fold_01,Электроника,0.35,0.35,0.35
ce_final_combo,fold_01,Ювелирные изделия,0.35,0.35,0.35
ce_final_combo,fold_02,Автотовары,0.35,0.35,0.35
ce_final_combo,fold_02,Аптека,0.35,0.2,0.23750000000000002
ce_final_combo,fold_02,Бытовая техника,0.35,0.025,0.10625
ce_final_combo,fold_02,Бытовая химия,0.35,0.35,0.35
ce_final_combo,fold_02,Галантерея и аксессуары,0.35,0.35,0.35
ce_final_combo,fold_02,Детские товары,0.35,0.35,0.35
ce_final_combo,fold_02,Дом и сад,0.35,0.2,0.23750000000000002
ce_final_combo,fold_02,Канцелярские товары,0.35,0.35,0.35
ce_final_combo,fold_02,Красота и гигиена,0.35,0.35,0.35
ce_final_combo,fold_02,Мебель,0.35,0.35,0.35
ce_final_combo,fold_02,Музыкальные инструменты,0.35,0.1,0.1625
ce_final_combo,fold_02,Обувь,0.35,0.2,0.23750000000000002
ce_final_combo,fold_02,Одежда,0.35,0.35,0.35
ce_final_combo,fold_02,Продукты питания,0.35,0.35,0.35
ce_final_combo,fold_02,Спорт и отдых,0.35,0.35,0.35
ce_final_combo,fold_02,Строительство и ремонт,0.35,0.35,0.35
ce_final_combo,fold_02,Товары для животных,0.35,0.1,0.1625
ce_final_combo,fold_02,Хобби и творчество,0.35,0.35,0.35
ce_final_combo,fold_02,Электроника,0.35,0.35,0.35
ce_final_combo,fold_02,Ювелирные изделия,0.35,0.35,0.35
ce_final_combo,fold_03,Автотовары,0.35,0.35,0.35
ce_final_combo,fold_03,Аптека,0.35,0.35,0.35
ce_final_combo,fold_03,Бытовая техника,0.35,0.35,0.35
ce_final_combo,fold_03,Бытовая химия,0.35,0.35,0.35
ce_final_combo,fold_03,Галантерея и аксессуары,0.35,0.35,0.35
ce_final_combo,fold_03,Детские товары,0.35,0.35,0.35
ce_final_combo,fold_03,Дом и сад,0.35,0.025,0.10625
ce_final_combo,fold_03,Канцелярские товары,0.35,0.35,0.35
ce_final_combo,fold_03,Красота и гигиена,0.35,0.35,0.35
ce_final_combo,fold_03,Мебель,0.35,0.35,0.35
ce_final_combo,fold_03,Музыкальные инструменты,0.35,0.2,0.23750000000000002
ce_final_combo,fold_03,Обувь,0.35,0.2,0.23750000000000002
ce_final_combo,fold_03,Одежда,0.35,0.35,0.35
ce_final_combo,fold_03,Продукты питания,0.35,0.1,0.1625
ce_final_combo,fold_03,Спорт и отдых,0.35,0.35,0.35
ce_final_combo,fold_03,Строительство и ремонт,0.35,0.35,0.35
ce_final_combo,fold_03,Товары для животных,0.35,0.35,0.35
ce_final_combo,fold_03,Хобби и творчество,0.35,0.2,0.23750000000000002
ce_final_combo,fold_03,Электроника,0.35,0.35,0.35
ce_final_combo,fold_03,Ювелирные изделия,0.35,0.35,0.35
ce_final_combo,fold_04,Автотовары,0.35,0.35,0.35
ce_final_combo,fold_04,Аптека,0.35,0.35,0.35
ce_final_combo,fold_04,Бытовая техника,0.35,0.35,0.35
ce_final_combo,fold_04,Бытовая химия,0.35,0.35,0.35
ce_final_combo,fold_04,Галантерея и аксессуары,0.35,0.2,0.23750000000000002
ce_final_combo,fold_04,Детские товары,0.35,0.35,0.35
ce_final_combo,fold_04,Дом и сад,0.35,0.35,0.35
ce_final_combo,fold_04,Канцелярские товары,0.35,0.35,0.35
ce_final_combo,fold_04,Красота и гигиена,0.35,0.35,0.35
ce_final_combo,fold_04,Мебель,0.35,0.2,0.23750000000000002
ce_final_combo,fold_04,Музыкальные инструменты,0.35,0.35,0.35
ce_final_combo,fold_04,Обувь,0.35,0.1,0.1625
ce_final_combo,fold_04,Одежда,0.35,0.35,0.35
ce_final_combo,fold_04,Продукты питания,0.35,0.35,0.35
ce_final_combo,fold_04,Спорт и отдых,0.35,0.35,0.35
ce_final_combo,fold_04,Строительство и ремонт,0.35,0.1,0.1625
ce_final_combo,fold_04,Товары для животных,0.35,0.35,0.35
ce_final_combo,fold_04,Хобби и творчество,0.35,0.35,0.35
ce_final_combo,fold_04,Электроника,0.35,0.35,0.35
ce_final_combo,fold_04,Ювелирные изделия,0.35,0.35,0.35
ce_ens9,fold_01,Автотовары,0.2,0.35,0.31249999999999994
ce_ens9,fold_01,Аптека,0.2,0.35,0.31249999999999994
ce_ens9,fold_01,Бытовая техника,0.2,0.0,0.05
ce_ens9,fold_01,Бытовая химия,0.2,0.35,0.31249999999999994
ce_ens9,fold_01,Галантерея и аксессуары,0.2,0.2,0.2
ce_ens9,fold_01,Детские товары,0.2,0.2,0.2
ce_ens9,fold_01,Дом и сад,0.2,0.1,0.125
ce_ens9,fold_01,Канцелярские товары,0.2,0.35,0.31249999999999994
ce_ens9,fold_01,Красота и гигиена,0.2,0.05,0.08750000000000001
ce_ens9,fold_01,Мебель,0.2,0.1,0.125
ce_ens9,fold_01,Музыкальные инструменты,0.2,0.2,0.2
ce_ens9,fold_01,Обувь,0.2,0.025,0.06875
ce_ens9,fold_01,Одежда,0.2,0.0,0.05
ce_ens9,fold_01,Продукты питания,0.2,0.35,0.31249999999999994
ce_ens9,fold_01,Спорт и отдых,0.2,0.35,0.31249999999999994
ce_ens9,fold_01,Строительство и ремонт,0.2,0.35,0.31249999999999994
ce_ens9,fold_01,Товары для животных,0.2,0.2,0.2
ce_ens9,fold_01,Хобби и творчество,0.2,0.35,0.31249999999999994
ce_ens9,fold_01,Электроника,0.2,0.35,0.31249999999999994
ce_ens9,fold_01,Ювелирные изделия,0.2,0.35,0.31249999999999994
ce_ens9,fold_02,Автотовары,0.2,0.35,0.31249999999999994
ce_ens9,fold_02,Аптека,0.2,0.35,0.31249999999999994
ce_ens9,fold_02,Бытовая техника,0.2,0.025,0.06875
ce_ens9,fold_02,Бытовая химия,0.2,0.35,0.31249999999999994
ce_ens9,fold_02,Галантерея и аксессуары,0.2,0.2,0.2
ce_ens9,fold_02,Детские товары,0.2,0.2,0.2
ce_ens9,fold_02,Дом и сад,0.2,0.2,0.2
ce_ens9,fold_02,Канцелярские товары,0.2,0.35,0.31249999999999994
ce_ens9,fold_02,Красота и гигиена,0.2,0.0,0.05
ce_ens9,fold_02,Мебель,0.2,0.2,0.2
ce_ens9,fold_02,Музыкальные инструменты,0.2,0.05,0.08750000000000001
ce_ens9,fold_02,Обувь,0.2,0.025,0.06875
ce_ens9,fold_02,Одежда,0.2,0.0,0.05
ce_ens9,fold_02,Продукты питания,0.2,0.2,0.2
ce_ens9,fold_02,Спорт и отдых,0.2,0.35,0.31249999999999994
ce_ens9,fold_02,Строительство и ремонт,0.2,0.35,0.31249999999999994
ce_ens9,fold_02,Товары для животных,0.2,0.1,0.125
ce_ens9,fold_02,Хобби и творчество,0.2,0.2,0.2
ce_ens9,fold_02,Электроника,0.2,0.35,0.31249999999999994
ce_ens9,fold_02,Ювелирные изделия,0.2,0.35,0.31249999999999994
ce_ens9,fold_03,Автотовары,0.2,0.2,0.2
ce_ens9,fold_03,Аптека,0.2,0.35,0.31249999999999994
ce_ens9,fold_03,Бытовая техника,0.2,0.025,0.06875
ce_ens9,fold_03,Бытовая химия,0.2,0.35,0.31249999999999994
ce_ens9,fold_03,Галантерея и аксессуары,0.2,0.2,0.2
ce_ens9,fold_03,Детские товары,0.2,0.35,0.31249999999999994
ce_ens9,fold_03,Дом и сад,0.2,0.025,0.06875
ce_ens9,fold_03,Канцелярские товары,0.2,0.35,0.31249999999999994
ce_ens9,fold_03,Красота и гигиена,0.2,0.0,0.05
ce_ens9,fold_03,Мебель,0.2,0.1,0.125
ce_ens9,fold_03,Музыкальные инструменты,0.2,0.05,0.08750000000000001
ce_ens9,fold_03,Обувь,0.2,0.05,0.08750000000000001
ce_ens9,fold_03,Одежда,0.2,0.0,0.05
ce_ens9,fold_03,Продукты питания,0.2,0.1,0.125
ce_ens9,fold_03,Спорт и отдых,0.2,0.2,0.2
ce_ens9,fold_03,Строительство и ремонт,0.2,0.2,0.2
ce_ens9,fold_03,Товары для животных,0.2,0.2,0.2
ce_ens9,fold_03,Хобби и творчество,0.2,0.05,0.08750000000000001
ce_ens9,fold_03,Электроника,0.2,0.35,0.31249999999999994
ce_ens9,fold_03,Ювелирные изделия,0.2,0.35,0.31249999999999994
ce_ens9,fold_04,Автотовары,0.2,0.35,0.31249999999999994
ce_ens9,fold_04,Аптека,0.2,0.35,0.31249999999999994
ce_ens9,fold_04,Бытовая техника,0.2,0.1,0.125
ce_ens9,fold_04,Бытовая химия,0.2,0.35,0.31249999999999994
ce_ens9,fold_04,Галантерея и аксессуары,0.2,0.0,0.05
ce_ens9,fold_04,Детские товары,0.2,0.35,0.31249999999999994
ce_ens9,fold_04,Дом и сад,0.2,0.35,0.31249999999999994
ce_ens9,fold_04,Канцелярские товары,0.2,0.35,0.31249999999999994
ce_ens9,fold_04,Красота и гигиена,0.2,0.0,0.05
ce_ens9,fold_04,Мебель,0.2,0.0,0.05
ce_ens9,fold_04,Музыкальные инструменты,0.2,0.2,0.2
ce_ens9,fold_04,Обувь,0.2,0.05,0.08750000000000001
ce_ens9,fold_04,Одежда,0.2,0.0,0.05
ce_ens9,fold_04,Продукты питания,0.2,0.2,0.2
ce_ens9,fold_04,Спорт и отдых,0.2,0.1,0.125
ce_ens9,fold_04,Строительство и ремонт,0.2,0.025,0.06875
ce_ens9,fold_04,Товары для животных,0.2,0.2,0.2
ce_ens9,fold_04,Хобби и творчество,0.2,0.35,0.31249999999999994
ce_ens9,fold_04,Электроника,0.2,0.2,0.2
ce_ens9,fold_04,Ювелирные изделия,0.2,0.35,0.31249999999999994
ce_rubase_len224,fold_01,Автотовары,0.0,0.0,0.0
ce_rubase_len224,fold_01,Аптека,0.0,0.0,0.0
ce_rubase_len224,fold_01,Бытовая техника,0.0,0.0,0.0
ce_rubase_len224,fold_01,Бытовая химия,0.0,0.1,0.07500000000000001
ce_rubase_len224,fold_01,Галантерея и аксессуары,0.0,0.025,0.018750000000000003
ce_rubase_len224,fold_01,Детские товары,0.0,0.1,0.07500000000000001
ce_rubase_len224,fold_01,Дом и сад,0.0,0.0,0.0
ce_rubase_len224,fold_01,Канцелярские товары,0.0,0.2,0.15000000000000002
ce_rubase_len224,fold_01,Красота и гигиена,0.0,0.0,0.0
ce_rubase_len224,fold_01,Мебель,0.0,0.0,0.0
ce_rubase_len224,fold_01,Музыкальные инструменты,0.0,0.1,0.07500000000000001
ce_rubase_len224,fold_01,Обувь,0.0,0.0,0.0
ce_rubase_len224,fold_01,Одежда,0.0,0.0,0.0
ce_rubase_len224,fold_01,Продукты питания,0.0,0.025,0.018750000000000003
ce_rubase_len224,fold_01,Спорт и отдых,0.0,0.05,0.037500000000000006
ce_rubase_len224,fold_01,Строительство и ремонт,0.0,0.0,0.0
ce_rubase_len224,fold_01,Товары для животных,0.0,0.0,0.0
ce_rubase_len224,fold_01,Хобби и творчество,0.0,0.2,0.15000000000000002
ce_rubase_len224,fold_01,Электроника,0.0,0.025,0.018750000000000003
ce_rubase_len224,fold_01,Ювелирные изделия,0.0,0.05,0.037500000000000006
ce_rubase_len224,fold_02,Автотовары,0.0,0.0,0.0
ce_rubase_len224,fold_02,Аптека,0.0,0.0,0.0
ce_rubase_len224,fold_02,Бытовая техника,0.0,0.025,0.018750000000000003
ce_rubase_len224,fold_02,Бытовая химия,0.0,0.05,0.037500000000000006
ce_rubase_len224,fold_02,Галантерея и аксессуары,0.0,0.05,0.037500000000000006
ce_rubase_len224,fold_02,Детские товары,0.0,0.1,0.07500000000000001
ce_rubase_len224,fold_02,Дом и сад,0.0,0.025,0.018750000000000003
ce_rubase_len224,fold_02,Канцелярские товары,0.0,0.1,0.07500000000000001
ce_rubase_len224,fold_02,Красота и гигиена,0.0,0.0,0.0
ce_rubase_len224,fold_02,Мебель,0.0,0.0,0.0
ce_rubase_len224,fold_02,Музыкальные инструменты,0.0,0.1,0.07500000000000001
ce_rubase_len224,fold_02,Обувь,0.0,0.0,0.0
ce_rubase_len224,fold_02,Одежда,0.0,0.0,0.0
ce_rubase_len224,fold_02,Продукты питания,0.0,0.025,0.018750000000000003
ce_rubase_len224,fold_02,Спорт и отдых,0.0,0.05,0.037500000000000006
ce_rubase_len224,fold_02,Строительство и ремонт,0.0,0.0,0.0
ce_rubase_len224,fold_02,Товары для животных,0.0,0.0,0.0
ce_rubase_len224,fold_02,Хобби и творчество,0.0,0.025,0.018750000000000003
ce_rubase_len224,fold_02,Электроника,0.0,0.05,0.037500000000000006
ce_rubase_len224,fold_02,Ювелирные изделия,0.0,0.0,0.0
ce_rubase_len224,fold_03,Автотовары,0.0,0.0,0.0
ce_rubase_len224,fold_03,Аптека,0.0,0.1,0.07500000000000001
ce_rubase_len224,fold_03,Бытовая техника,0.0,0.0,0.0
ce_rubase_len224,fold_03,Бытовая химия,0.0,0.05,0.037500000000000006
ce_rubase_len224,fold_03,Галантерея и аксессуары,0.0,0.05,0.037500000000000006
ce_rubase_len224,fold_03,Детские товары,0.0,0.1,0.07500000000000001
ce_rubase_len224,fold_03,Дом и сад,0.0,0.0,0.0
ce_rubase_len224,fold_03,Канцелярские товары,0.0,0.2,0.15000000000000002
ce_rubase_len224,fold_03,Красота и гигиена,0.0,0.0,0.0
ce_rubase_len224,fold_03,Мебель,0.0,0.0,0.0
ce_rubase_len224,fold_03,Музыкальные инструменты,0.0,0.0,0.0
ce_rubase_len224,fold_03,Обувь,0.0,0.0,0.0
ce_rubase_len224,fold_03,Одежда,0.0,0.0,0.0
ce_rubase_len224,fold_03,Продукты питания,0.0,0.0,0.0
ce_rubase_len224,fold_03,Спорт и отдых,0.0,0.05,0.037500000000000006
ce_rubase_len224,fold_03,Строительство и ремонт,0.0,0.0,0.0
ce_rubase_len224,fold_03,Товары для животных,0.0,0.0,0.0
ce_rubase_len224,fold_03,Хобби и творчество,0.0,0.0,0.0
ce_rubase_len224,fold_03,Электроника,0.0,0.025,0.018750000000000003
ce_rubase_len224,fold_03,Ювелирные изделия,0.0,0.0,0.0
ce_rubase_len224,fold_04,Автотовары,0.0,0.1,0.07500000000000001
ce_rubase_len224,fold_04,Аптека,0.0,0.1,0.07500000000000001
ce_rubase_len224,fold_04,Бытовая техника,0.0,0.0,0.0
ce_rubase_len224,fold_04,Бытовая химия,0.0,0.1,0.07500000000000001
ce_rubase_len224,fold_04,Галантерея и аксессуары,0.0,0.05,0.037500000000000006
ce_rubase_len224,fold_04,Детские товары,0.0,0.1,0.07500000000000001
ce_rubase_len224,fold_04,Дом и сад,0.0,0.0,0.0
ce_rubase_len224,fold_04,Канцелярские товары,0.0,0.1,0.07500000000000001
ce_rubase_len224,fold_04,Красота и гигиена,0.0,0.0,0.0
ce_rubase_len224,fold_04,Мебель,0.0,0.0,0.0
ce_rubase_len224,fold_04,Музыкальные инструменты,0.0,0.1,0.07500000000000001
ce_rubase_len224,fold_04,Обувь,0.0,0.0,0.0
ce_rubase_len224,fold_04,Одежда,0.0,0.0,0.0
ce_rubase_len224,fold_04,Продукты питания,0.0,0.025,0.018750000000000003
ce_rubase_len224,fold_04,Спорт и отдых,0.0,0.0,0.0
ce_rubase_len224,fold_04,Строительство и ремонт,0.0,0.0,0.0
ce_rubase_len224,fold_04,Товары для животных,0.0,0.0,0.0
ce_rubase_len224,fold_04,Хобби и творчество,0.0,0.1,0.07500000000000001
ce_rubase_len224,fold_04,Электроника,0.0,0.0,0.0
ce_rubase_len224,fold_04,Ювелирные изделия,0.0,0.0,0.0
ce_e5_len160,fold_01,Автотовары,0.0,0.025,0.018750000000000003
ce_e5_len160,fold_01,Аптека,0.0,0.0,0.0
ce_e5_len160,fold_01,Бытовая техника,0.0,0.0,0.0
ce_e5_len160,fold_01,Бытовая химия,0.0,0.1,0.07500000000000001
ce_e5_len160,fold_01,Галантерея и аксессуары,0.0,0.05,0.037500000000000006
ce_e5_len160,fold_01,Детские товары,0.0,0.025,0.018750000000000003
ce_e5_len160,fold_01,Дом и сад,0.0,0.0,0.0
ce_e5_len160,fold_01,Канцелярские товары,0.0,0.0,0.0
ce_e5_len160,fold_01,Красота и гигиена,0.0,0.0,0.0
ce_e5_len160,fold_01,Мебель,0.0,0.0,0.0
ce_e5_len160,fold_01,Музыкальные инструменты,0.0,0.0,0.0
ce_e5_len160,fold_01,Обувь,0.0,0.0,0.0
ce_e5_len160,fold_01,Одежда,0.0,0.0,0.0
ce_e5_len160,fold_01,Продукты питания,0.0,0.05,0.037500000000000006
ce_e5_len160,fold_01,Спорт и отдых,0.0,0.05,0.037500000000000006
ce_e5_len160,fold_01,Строительство и ремонт,0.0,0.0,0.0
ce_e5_len160,fold_01,Товары для животных,0.0,0.025,0.018750000000000003
ce_e5_len160,fold_01,Хобби и творчество,0.0,0.0,0.0
ce_e5_len160,fold_01,Электроника,0.0,0.2,0.15000000000000002
ce_e5_len160,fold_01,Ювелирные изделия,0.0,0.0,0.0
ce_e5_len160,fold_02,Автотовары,0.0,0.025,0.018750000000000003
ce_e5_len160,fold_02,Аптека,0.0,0.025,0.018750000000000003
ce_e5_len160,fold_02,Бытовая техника,0.0,0.025,0.018750000000000003
ce_e5_len160,fold_02,Бытовая химия,0.0,0.1,0.07500000000000001
ce_e5_len160,fold_02,Галантерея и аксессуары,0.0,0.05,0.037500000000000006
ce_e5_len160,fold_02,Детские товары,0.0,0.0,0.0
ce_e5_len160,fold_02,Дом и сад,0.0,0.025,0.018750000000000003
ce_e5_len160,fold_02,Канцелярские товары,0.0,0.0,0.0
ce_e5_len160,fold_02,Красота и гигиена,0.0,0.0,0.0
ce_e5_len160,fold_02,Мебель,0.0,0.025,0.018750000000000003
ce_e5_len160,fold_02,Музыкальные инструменты,0.0,0.0,0.0
ce_e5_len160,fold_02,Обувь,0.0,0.0,0.0
ce_e5_len160,fold_02,Одежда,0.0,0.0,0.0
ce_e5_len160,fold_02,Продукты питания,0.0,0.05,0.037500000000000006
ce_e5_len160,fold_02,Спорт и отдых,0.0,0.025,0.018750000000000003
ce_e5_len160,fold_02,Строительство и ремонт,0.0,0.0,0.0
ce_e5_len160,fold_02,Товары для животных,0.0,0.0,0.0
ce_e5_len160,fold_02,Хобби и творчество,0.0,0.0,0.0
ce_e5_len160,fold_02,Электроника,0.0,0.2,0.15000000000000002
ce_e5_len160,fold_02,Ювелирные изделия,0.0,0.0,0.0
ce_e5_len160,fold_03,Автотовары,0.0,0.025,0.018750000000000003
ce_e5_len160,fold_03,Аптека,0.0,0.0,0.0
ce_e5_len160,fold_03,Бытовая техника,0.0,0.025,0.018750000000000003
ce_e5_len160,fold_03,Бытовая химия,0.0,0.1,0.07500000000000001
ce_e5_len160,fold_03,Галантерея и аксессуары,0.0,0.05,0.037500000000000006
ce_e5_len160,fold_03,Детские товары,0.0,0.0,0.0
ce_e5_len160,fold_03,Дом и сад,0.0,0.0,0.0
ce_e5_len160,fold_03,Канцелярские товары,0.0,0.0,0.0
ce_e5_len160,fold_03,Красота и гигиена,0.0,0.025,0.018750000000000003
ce_e5_len160,fold_03,Мебель,0.0,0.0,0.0
ce_e5_len160,fold_03,Музыкальные инструменты,0.0,0.0,0.0
ce_e5_len160,fold_03,Обувь,0.0,0.0,0.0
ce_e5_len160,fold_03,Одежда,0.0,0.0,0.0
ce_e5_len160,fold_03,Продукты питания,0.0,0.05,0.037500000000000006
ce_e5_len160,fold_03,Спорт и отдых,0.0,0.025,0.018750000000000003
ce_e5_len160,fold_03,Строительство и ремонт,0.0,0.0,0.0
ce_e5_len160,fold_03,Товары для животных,0.0,0.025,0.018750000000000003
ce_e5_len160,fold_03,Хобби и творчество,0.0,0.0,0.0
ce_e5_len160,fold_03,Электроника,0.0,0.1,0.07500000000000001
ce_e5_len160,fold_03,Ювелирные изделия,0.0,0.0,0.0
ce_e5_len160,fold_04,Автотовары,0.0,0.025,0.018750000000000003
ce_e5_len160,fold_04,Аптека,0.0,0.0,0.0
ce_e5_len160,fold_04,Бытовая техника,0.0,0.0,0.0
ce_e5_len160,fold_04,Бытовая химия,0.0,0.0,0.0
ce_e5_len160,fold_04,Галантерея и аксессуары,0.0,0.025,0.018750000000000003
ce_e5_len160,fold_04,Детские товары,0.0,0.025,0.018750000000000003
ce_e5_len160,fold_04,Дом и сад,0.0,0.025,0.018750000000000003
ce_e5_len160,fold_04,Канцелярские товары,0.0,0.0,0.0
ce_e5_len160,fold_04,Красота и гигиена,0.0,0.0,0.0
ce_e5_len160,fold_04,Мебель,0.0,0.0,0.0
ce_e5_len160,fold_04,Музыкальные инструменты,0.0,0.0,0.0
ce_e5_len160,fold_04,Обувь,0.0,0.0,0.0
ce_e5_len160,fold_04,Одежда,0.0,0.0,0.0
ce_e5_len160,fold_04,Продукты питания,0.0,0.05,0.037500000000000006
ce_e5_len160,fold_04,Спорт и отдых,0.0,0.025,0.018750000000000003
ce_e5_len160,fold_04,Строительство и ремонт,0.0,0.0,0.0
ce_e5_len160,fold_04,Товары для животных,0.0,0.025,0.018750000000000003
ce_e5_len160,fold_04,Хобби и творчество,0.0,0.0,0.0
ce_e5_len160,fold_04,Электроника,0.0,0.1,0.07500000000000001
ce_e5_len160,fold_04,Ювелирные изделия,0.0,0.0,0.0
final_stack_all,fold_01,Автотовары,0.35,0.2,0.23750000000000002
final_stack_all,fold_01,Аптека,0.35,0.2,0.23750000000000002
final_stack_all,fold_01,Бытовая техника,0.35,0.2,0.23750000000000002
final_stack_all,fold_01,Бытовая химия,0.35,0.35,0.35
final_stack_all,fold_01,Галантерея и аксессуары,0.35,0.35,0.35
final_stack_all,fold_01,Детские товары,0.35,0.35,0.35
final_stack_all,fold_01,Дом и сад,0.35,0.2,0.23750000000000002
final_stack_all,fold_01,Канцелярские товары,0.35,0.35,0.35
final_stack_all,fold_01,Красота и гигиена,0.35,0.35,0.35
final_stack_all,fold_01,Мебель,0.35,0.35,0.35
final_stack_all,fold_01,Музыкальные инструменты,0.35,0.2,0.23750000000000002
final_stack_all,fold_01,Обувь,0.35,0.2,0.23750000000000002
final_stack_all,fold_01,Одежда,0.35,0.35,0.35
final_stack_all,fold_01,Продукты питания,0.35,0.35,0.35
final_stack_all,fold_01,Спорт и отдых,0.35,0.35,0.35
final_stack_all,fold_01,Строительство и ремонт,0.35,0.35,0.35
final_stack_all,fold_01,Товары для животных,0.35,0.35,0.35
final_stack_all,fold_01,Хобби и творчество,0.35,0.35,0.35
final_stack_all,fold_01,Электроника,0.35,0.35,0.35
final_stack_all,fold_01,Ювелирные изделия,0.35,0.35,0.35
final_stack_all,fold_02,Автотовары,0.35,0.35,0.35
final_stack_all,fold_02,Аптека,0.35,0.35,0.35
final_stack_all,fold_02,Бытовая техника,0.35,0.35,0.35
final_stack_all,fold_02,Бытовая химия,0.35,0.35,0.35
final_stack_all,fold_02,Галантерея и аксессуары,0.35,0.35,0.35
final_stack_all,fold_02,Детские товары,0.35,0.35,0.35
final_stack_all,fold_02,Дом и сад,0.35,0.35,0.35
final_stack_all,fold_02,Канцелярские товары,0.35,0.35,0.35
final_stack_all,fold_02,Красота и гигиена,0.35,0.35,0.35
final_stack_all,fold_02,Мебель,0.35,0.35,0.35
final_stack_all,fold_02,Музыкальные инструменты,0.35,0.1,0.1625
final_stack_all,fold_02,Обувь,0.35,0.2,0.23750000000000002
final_stack_all,fold_02,Одежда,0.35,0.35,0.35
final_stack_all,fold_02,Продукты питания,0.35,0.35,0.35
final_stack_all,fold_02,Спорт и отдых,0.35,0.35,0.35
final_stack_all,fold_02,Строительство и ремонт,0.35,0.35,0.35
final_stack_all,fold_02,Товары для животных,0.35,0.1,0.1625
final_stack_all,fold_02,Хобби и творчество,0.35,0.35,0.35
final_stack_all,fold_02,Электроника,0.35,0.35,0.35
final_stack_all,fold_02,Ювелирные изделия,0.35,0.35,0.35
final_stack_all,fold_03,Автотовары,0.35,0.2,0.23750000000000002
final_stack_all,fold_03,Аптека,0.35,0.35,0.35
final_stack_all,fold_03,Бытовая техника,0.35,0.35,0.35
final_stack_all,fold_03,Бытовая химия,0.35,0.2,0.23750000000000002
final_stack_all,fold_03,Галантерея и аксессуары,0.35,0.35,0.35
final_stack_all,fold_03,Детские товары,0.35,0.35,0.35
final_stack_all,fold_03,Дом и сад,0.35,0.2,0.23750000000000002
final_stack_all,fold_03,Канцелярские товары,0.35,0.35,0.35
final_stack_all,fold_03,Красота и гигиена,0.35,0.35,0.35
final_stack_all,fold_03,Мебель,0.35,0.35,0.35
final_stack_all,fold_03,Музыкальные инструменты,0.35,0.35,0.35
final_stack_all,fold_03,Обувь,0.35,0.2,0.23750000000000002
final_stack_all,fold_03,Одежда,0.35,0.35,0.35
final_stack_all,fold_03,Продукты питания,0.35,0.35,0.35
final_stack_all,fold_03,Спорт и отдых,0.35,0.35,0.35
final_stack_all,fold_03,Строительство и ремонт,0.35,0.35,0.35
final_stack_all,fold_03,Товары для животных,0.35,0.35,0.35
final_stack_all,fold_03,Хобби и творчество,0.35,0.1,0.1625
final_stack_all,fold_03,Электроника,0.35,0.35,0.35
final_stack_all,fold_03,Ювелирные изделия,0.35,0.35,0.35
final_stack_all,fold_04,Автотовары,0.35,0.35,0.35
final_stack_all,fold_04,Аптека,0.35,0.35,0.35
final_stack_all,fold_04,Бытовая техника,0.35,0.35,0.35
final_stack_all,fold_04,Бытовая химия,0.35,0.35,0.35
final_stack_all,fold_04,Галантерея и аксессуары,0.35,0.35,0.35
final_stack_all,fold_04,Детские товары,0.35,0.35,0.35
final_stack_all,fold_04,Дом и сад,0.35,0.2,0.23750000000000002
final_stack_all,fold_04,Канцелярские товары,0.35,0.35,0.35
final_stack_all,fold_04,Красота и гигиена,0.35,0.35,0.35
final_stack_all,fold_04,Мебель,0.35,0.35,0.35
final_stack_all,fold_04,Музыкальные инструменты,0.35,0.35,0.35
final_stack_all,fold_04,Обувь,0.35,0.1,0.1625
final_stack_all,fold_04,Одежда,0.35,0.35,0.35
final_stack_all,fold_04,Продукты питания,0.35,0.35,0.35
final_stack_all,fold_04,Спорт и отдых,0.35,0.35,0.35
final_stack_all,fold_04,Строительство и ремонт,0.35,0.35,0.35
final_stack_all,fold_04,Товары для животных,0.35,0.35,0.35
final_stack_all,fold_04,Хобби и творчество,0.35,0.35,0.35
final_stack_all,fold_04,Электроника,0.35,0.35,0.35
final_stack_all,fold_04,Ювелирные изделия,0.35,0.35,0.35
zs_gemma4_e4b,fold_01,Автотовары,0.0,0.0,0.0
zs_gemma4_e4b,fold_01,Аптека,0.0,0.0,0.0
zs_gemma4_e4b,fold_01,Бытовая техника,0.0,0.05,0.037500000000000006
zs_gemma4_e4b,fold_01,Бытовая химия,0.0,0.0,0.0
zs_gemma4_e4b,fold_01,Галантерея и аксессуары,0.0,0.0,0.0
zs_gemma4_e4b,fold_01,Детские товары,0.0,0.0,0.0
zs_gemma4_e4b,fold_01,Дом и сад,0.0,0.025,0.018750000000000003
zs_gemma4_e4b,fold_01,Канцелярские товары,0.0,0.0,0.0
zs_gemma4_e4b,fold_01,Красота и гигиена,0.0,0.025,0.018750000000000003
zs_gemma4_e4b,fold_01,Мебель,0.0,0.0,0.0
zs_gemma4_e4b,fold_01,Музыкальные инструменты,0.0,0.0,0.0
zs_gemma4_e4b,fold_01,Обувь,0.0,0.0,0.0
zs_gemma4_e4b,fold_01,Одежда,0.0,0.0,0.0
zs_gemma4_e4b,fold_01,Продукты питания,0.0,0.025,0.018750000000000003
zs_gemma4_e4b,fold_01,Спорт и отдых,0.0,0.0,0.0
zs_gemma4_e4b,fold_01,Строительство и ремонт,0.0,0.0,0.0
zs_gemma4_e4b,fold_01,Товары для животных,0.0,0.025,0.018750000000000003
zs_gemma4_e4b,fold_01,Хобби и творчество,0.0,0.0,0.0
zs_gemma4_e4b,fold_01,Электроника,0.0,0.0,0.0
zs_gemma4_e4b,fold_01,Ювелирные изделия,0.0,0.0,0.0
zs_gemma4_e4b,fold_02,Автотовары,0.0,0.0,0.0
zs_gemma4_e4b,fold_02,Аптека,0.0,0.025,0.018750000000000003
zs_gemma4_e4b,fold_02,Бытовая техника,0.0,0.05,0.037500000000000006
zs_gemma4_e4b,fold_02,Бытовая химия,0.0,0.0,0.0
zs_gemma4_e4b,fold_02,Галантерея и аксессуары,0.0,0.0,0.0
zs_gemma4_e4b,fold_02,Детские товары,0.0,0.0,0.0
zs_gemma4_e4b,fold_02,Дом и сад,0.0,0.0,0.0
zs_gemma4_e4b,fold_02,Канцелярские товары,0.0,0.0,0.0
zs_gemma4_e4b,fold_02,Красота и гигиена,0.0,0.025,0.018750000000000003
zs_gemma4_e4b,fold_02,Мебель,0.0,0.0,0.0
zs_gemma4_e4b,fold_02,Музыкальные инструменты,0.0,0.0,0.0
zs_gemma4_e4b,fold_02,Обувь,0.0,0.0,0.0
zs_gemma4_e4b,fold_02,Одежда,0.0,0.025,0.018750000000000003
zs_gemma4_e4b,fold_02,Продукты питания,0.0,0.025,0.018750000000000003
zs_gemma4_e4b,fold_02,Спорт и отдых,0.0,0.05,0.037500000000000006
zs_gemma4_e4b,fold_02,Строительство и ремонт,0.0,0.0,0.0
zs_gemma4_e4b,fold_02,Товары для животных,0.0,0.0,0.0
zs_gemma4_e4b,fold_02,Хобби и творчество,0.0,0.0,0.0
zs_gemma4_e4b,fold_02,Электроника,0.0,0.0,0.0
zs_gemma4_e4b,fold_02,Ювелирные изделия,0.0,0.025,0.018750000000000003
zs_gemma4_e4b,fold_03,Автотовары,0.0,0.0,0.0
zs_gemma4_e4b,fold_03,Аптека,0.0,0.0,0.0
zs_gemma4_e4b,fold_03,Бытовая техника,0.0,0.025,0.018750000000000003
zs_gemma4_e4b,fold_03,Бытовая химия,0.0,0.0,0.0
zs_gemma4_e4b,fold_03,Галантерея и аксессуары,0.0,0.0,0.0
zs_gemma4_e4b,fold_03,Детские товары,0.0,0.0,0.0
zs_gemma4_e4b,fold_03,Дом и сад,0.0,0.025,0.018750000000000003
zs_gemma4_e4b,fold_03,Канцелярские товары,0.0,0.025,0.018750000000000003
zs_gemma4_e4b,fold_03,Красота и гигиена,0.0,0.0,0.0
zs_gemma4_e4b,fold_03,Мебель,0.0,0.0,0.0
zs_gemma4_e4b,fold_03,Музыкальные инструменты,0.0,0.0,0.0
zs_gemma4_e4b,fold_03,Обувь,0.0,0.0,0.0
zs_gemma4_e4b,fold_03,Одежда,0.0,0.0,0.0
zs_gemma4_e4b,fold_03,Продукты питания,0.0,0.025,0.018750000000000003
zs_gemma4_e4b,fold_03,Спорт и отдых,0.0,0.025,0.018750000000000003
zs_gemma4_e4b,fold_03,Строительство и ремонт,0.0,0.05,0.037500000000000006
zs_gemma4_e4b,fold_03,Товары для животных,0.0,0.05,0.037500000000000006
zs_gemma4_e4b,fold_03,Хобби и творчество,0.0,0.0,0.0
zs_gemma4_e4b,fold_03,Электроника,0.0,0.025,0.018750000000000003
zs_gemma4_e4b,fold_03,Ювелирные изделия,0.0,0.0,0.0
zs_gemma4_e4b,fold_04,Автотовары,0.0,0.0,0.0
zs_gemma4_e4b,fold_04,Аптека,0.0,0.0,0.0
zs_gemma4_e4b,fold_04,Бытовая техника,0.0,0.0,0.0
zs_gemma4_e4b,fold_04,Бытовая химия,0.0,0.0,0.0
zs_gemma4_e4b,fold_04,Галантерея и аксессуары,0.0,0.025,0.018750000000000003
zs_gemma4_e4b,fold_04,Детские товары,0.0,0.0,0.0
zs_gemma4_e4b,fold_04,Дом и сад,0.0,0.0,0.0
zs_gemma4_e4b,fold_04,Канцелярские товары,0.0,0.025,0.018750000000000003
zs_gemma4_e4b,fold_04,Красота и гигиена,0.0,0.025,0.018750000000000003
zs_gemma4_e4b,fold_04,Мебель,0.0,0.025,0.018750000000000003
zs_gemma4_e4b,fold_04,Музыкальные инструменты,0.0,0.0,0.0
zs_gemma4_e4b,fold_04,Обувь,0.0,0.0,0.0
zs_gemma4_e4b,fold_04,Одежда,0.0,0.0,0.0
zs_gemma4_e4b,fold_04,Продукты питания,0.0,0.025,0.018750000000000003
zs_gemma4_e4b,fold_04,Спорт и отдых,0.0,0.025,0.018750000000000003
zs_gemma4_e4b,fold_04,Строительство и ремонт,0.0,0.025,0.018750000000000003
zs_gemma4_e4b,fold_04,Товары для животных,0.0,0.0,0.0
zs_gemma4_e4b,fold_04,Хобби и творчество,0.0,0.0,0.0
zs_gemma4_e4b,fold_04,Электроника,0.0,0.025,0.018750000000000003
zs_gemma4_e4b,fold_04,Ювелирные изделия,0.0,0.0,0.0
zs_qwen35_4b,fold_01,Автотовары,0.0,0.0,0.0
zs_qwen35_4b,fold_01,Аптека,0.0,0.0,0.0
zs_qwen35_4b,fold_01,Бытовая техника,0.0,0.025,0.018750000000000003
zs_qwen35_4b,fold_01,Бытовая химия,0.0,0.0,0.0
zs_qwen35_4b,fold_01,Галантерея и аксессуары,0.0,0.0,0.0
zs_qwen35_4b,fold_01,Детские товары,0.0,0.0,0.0
zs_qwen35_4b,fold_01,Дом и сад,0.0,0.0,0.0
zs_qwen35_4b,fold_01,Канцелярские товары,0.0,0.0,0.0
zs_qwen35_4b,fold_01,Красота и гигиена,0.0,0.0,0.0
zs_qwen35_4b,fold_01,Мебель,0.0,0.025,0.018750000000000003
zs_qwen35_4b,fold_01,Музыкальные инструменты,0.0,0.0,0.0
zs_qwen35_4b,fold_01,Обувь,0.0,0.0,0.0
zs_qwen35_4b,fold_01,Одежда,0.0,0.0,0.0
zs_qwen35_4b,fold_01,Продукты питания,0.0,0.05,0.037500000000000006
zs_qwen35_4b,fold_01,Спорт и отдых,0.0,0.0,0.0
zs_qwen35_4b,fold_01,Строительство и ремонт,0.0,0.025,0.018750000000000003
zs_qwen35_4b,fold_01,Товары для животных,0.0,0.0,0.0
zs_qwen35_4b,fold_01,Хобби и творчество,0.0,0.0,0.0
zs_qwen35_4b,fold_01,Электроника,0.0,0.0,0.0
zs_qwen35_4b,fold_01,Ювелирные изделия,0.0,0.0,0.0
zs_qwen35_4b,fold_02,Автотовары,0.0,0.0,0.0
zs_qwen35_4b,fold_02,Аптека,0.0,0.0,0.0
zs_qwen35_4b,fold_02,Бытовая техника,0.0,0.05,0.037500000000000006
zs_qwen35_4b,fold_02,Бытовая химия,0.0,0.0,0.0
zs_qwen35_4b,fold_02,Галантерея и аксессуары,0.0,0.0,0.0
zs_qwen35_4b,fold_02,Детские товары,0.0,0.0,0.0
zs_qwen35_4b,fold_02,Дом и сад,0.0,0.0,0.0
zs_qwen35_4b,fold_02,Канцелярские товары,0.0,0.0,0.0
zs_qwen35_4b,fold_02,Красота и гигиена,0.0,0.0,0.0
zs_qwen35_4b,fold_02,Мебель,0.0,0.0,0.0
zs_qwen35_4b,fold_02,Музыкальные инструменты,0.0,0.0,0.0
zs_qwen35_4b,fold_02,Обувь,0.0,0.025,0.018750000000000003
zs_qwen35_4b,fold_02,Одежда,0.0,0.0,0.0
zs_qwen35_4b,fold_02,Продукты питания,0.0,0.025,0.018750000000000003
zs_qwen35_4b,fold_02,Спорт и отдых,0.0,0.025,0.018750000000000003
zs_qwen35_4b,fold_02,Строительство и ремонт,0.0,0.025,0.018750000000000003
zs_qwen35_4b,fold_02,Товары для животных,0.0,0.0,0.0
zs_qwen35_4b,fold_02,Хобби и творчество,0.0,0.0,0.0
zs_qwen35_4b,fold_02,Электроника,0.0,0.0,0.0
zs_qwen35_4b,fold_02,Ювелирные изделия,0.0,0.025,0.018750000000000003
zs_qwen35_4b,fold_03,Автотовары,0.0,0.0,0.0
zs_qwen35_4b,fold_03,Аптека,0.0,0.0,0.0
zs_qwen35_4b,fold_03,Бытовая техника,0.0,0.05,0.037500000000000006
zs_qwen35_4b,fold_03,Бытовая химия,0.0,0.0,0.0
zs_qwen35_4b,fold_03,Галантерея и аксессуары,0.0,0.0,0.0
zs_qwen35_4b,fold_03,Детские товары,0.0,0.0,0.0
zs_qwen35_4b,fold_03,Дом и сад,0.0,0.0,0.0
zs_qwen35_4b,fold_03,Канцелярские товары,0.0,0.0,0.0
zs_qwen35_4b,fold_03,Красота и гигиена,0.0,0.0,0.0
zs_qwen35_4b,fold_03,Мебель,0.0,0.025,0.018750000000000003
zs_qwen35_4b,fold_03,Музыкальные инструменты,0.0,0.0,0.0
zs_qwen35_4b,fold_03,Обувь,0.0,0.0,0.0
zs_qwen35_4b,fold_03,Одежда,0.0,0.0,0.0
zs_qwen35_4b,fold_03,Продукты питания,0.0,0.025,0.018750000000000003
zs_qwen35_4b,fold_03,Спорт и отдых,0.0,0.0,0.0
zs_qwen35_4b,fold_03,Строительство и ремонт,0.0,0.05,0.037500000000000006
zs_qwen35_4b,fold_03,Товары для животных,0.0,0.0,0.0
zs_qwen35_4b,fold_03,Хобби и творчество,0.0,0.0,0.0
zs_qwen35_4b,fold_03,Электроника,0.0,0.0,0.0
zs_qwen35_4b,fold_03,Ювелирные изделия,0.0,0.0,0.0
zs_qwen35_4b,fold_04,Автотовары,0.0,0.0,0.0
zs_qwen35_4b,fold_04,Аптека,0.0,0.0,0.0
zs_qwen35_4b,fold_04,Бытовая техника,0.0,0.05,0.037500000000000006
zs_qwen35_4b,fold_04,Бытовая химия,0.0,0.0,0.0
zs_qwen35_4b,fold_04,Галантерея и аксессуары,0.0,0.0,0.0
zs_qwen35_4b,fold_04,Детские товары,0.0,0.0,0.0
zs_qwen35_4b,fold_04,Дом и сад,0.0,0.0,0.0
zs_qwen35_4b,fold_04,Канцелярские товары,0.0,0.0,0.0
zs_qwen35_4b,fold_04,Красота и гигиена,0.0,0.025,0.018750000000000003
zs_qwen35_4b,fold_04,Мебель,0.0,0.05,0.037500000000000006
zs_qwen35_4b,fold_04,Музыкальные инструменты,0.0,0.0,0.0
zs_qwen35_4b,fold_04,Обувь,0.0,0.0,0.0
zs_qwen35_4b,fold_04,Одежда,0.0,0.0,0.0
zs_qwen35_4b,fold_04,Продукты питания,0.0,0.025,0.018750000000000003
zs_qwen35_4b,fold_04,Спорт и отдых,0.0,0.0,0.0
zs_qwen35_4b,fold_04,Строительство и ремонт,0.0,0.05,0.037500000000000006
zs_qwen35_4b,fold_04,Товары для животных,0.0,0.0,0.0
zs_qwen35_4b,fold_04,Хобби и творчество,0.0,0.0,0.0
zs_qwen35_4b,fold_04,Электроника,0.0,0.0,0.0
zs_qwen35_4b,fold_04,Ювелирные изделия,0.0,0.025,0.018750000000000003
knrm_name_v2,fold_01,Автотовары,0.0,0.0,0.0
knrm_name_v2,fold_01,Аптека,0.0,0.0,0.0
knrm_name_v2,fold_01,Бытовая техника,0.0,0.0,0.0
knrm_name_v2,fold_01,Бытовая химия,0.0,0.0,0.0
knrm_name_v2,fold_01,Галантерея и аксессуары,0.0,0.025,0.018750000000000003
knrm_name_v2,fold_01,Детские товары,0.0,0.0,0.0
knrm_name_v2,fold_01,Дом и сад,0.0,0.025,0.018750000000000003
knrm_name_v2,fold_01,Канцелярские товары,0.0,0.025,0.018750000000000003
knrm_name_v2,fold_01,Красота и гигиена,0.0,0.0,0.0
knrm_name_v2,fold_01,Мебель,0.0,0.0,0.0
knrm_name_v2,fold_01,Музыкальные инструменты,0.0,0.0,0.0
knrm_name_v2,fold_01,Обувь,0.0,0.0,0.0
knrm_name_v2,fold_01,Одежда,0.0,0.0,0.0
knrm_name_v2,fold_01,Продукты питания,0.0,0.05,0.037500000000000006
knrm_name_v2,fold_01,Спорт и отдых,0.0,0.025,0.018750000000000003
knrm_name_v2,fold_01,Строительство и ремонт,0.0,0.025,0.018750000000000003
knrm_name_v2,fold_01,Товары для животных,0.0,0.025,0.018750000000000003
knrm_name_v2,fold_01,Хобби и творчество,0.0,0.0,0.0
knrm_name_v2,fold_01,Электроника,0.0,0.025,0.018750000000000003
knrm_name_v2,fold_01,Ювелирные изделия,0.0,0.0,0.0
knrm_name_v2,fold_02,Автотовары,0.0,0.0,0.0
knrm_name_v2,fold_02,Аптека,0.0,0.0,0.0
knrm_name_v2,fold_02,Бытовая техника,0.0,0.025,0.018750000000000003
knrm_name_v2,fold_02,Бытовая химия,0.0,0.0,0.0
knrm_name_v2,fold_02,Галантерея и аксессуары,0.0,0.025,0.018750000000000003
knrm_name_v2,fold_02,Детские товары,0.0,0.0,0.0
knrm_name_v2,fold_02,Дом и сад,0.0,0.0,0.0
knrm_name_v2,fold_02,Канцелярские товары,0.0,0.025,0.018750000000000003
knrm_name_v2,fold_02,Красота и гигиена,0.0,0.0,0.0
knrm_name_v2,fold_02,Мебель,0.0,0.025,0.018750000000000003
knrm_name_v2,fold_02,Музыкальные инструменты,0.0,0.025,0.018750000000000003
knrm_name_v2,fold_02,Обувь,0.0,0.0,0.0
knrm_name_v2,fold_02,Одежда,0.0,0.0,0.0
knrm_name_v2,fold_02,Продукты питания,0.0,0.025,0.018750000000000003
knrm_name_v2,fold_02,Спорт и отдых,0.0,0.025,0.018750000000000003
knrm_name_v2,fold_02,Строительство и ремонт,0.0,0.0,0.0
knrm_name_v2,fold_02,Товары для животных,0.0,0.0,0.0
knrm_name_v2,fold_02,Хобби и творчество,0.0,0.0,0.0
knrm_name_v2,fold_02,Электроника,0.0,0.05,0.037500000000000006
knrm_name_v2,fold_02,Ювелирные изделия,0.0,0.0,0.0
knrm_name_v2,fold_03,Автотовары,0.0,0.025,0.018750000000000003
knrm_name_v2,fold_03,Аптека,0.0,0.025,0.018750000000000003
knrm_name_v2,fold_03,Бытовая техника,0.0,0.025,0.018750000000000003
knrm_name_v2,fold_03,Бытовая химия,0.0,0.0,0.0
knrm_name_v2,fold_03,Галантерея и аксессуары,0.0,0.025,0.018750000000000003
knrm_name_v2,fold_03,Детские товары,0.0,0.0,0.0
knrm_name_v2,fold_03,Дом и сад,0.0,0.025,0.018750000000000003
knrm_name_v2,fold_03,Канцелярские товары,0.0,0.025,0.018750000000000003
knrm_name_v2,fold_03,Красота и гигиена,0.0,0.0,0.0
knrm_name_v2,fold_03,Мебель,0.0,0.0,0.0
knrm_name_v2,fold_03,Музыкальные инструменты,0.0,0.0,0.0
knrm_name_v2,fold_03,Обувь,0.0,0.0,0.0
knrm_name_v2,fold_03,Одежда,0.0,0.0,0.0
knrm_name_v2,fold_03,Продукты питания,0.0,0.025,0.018750000000000003
knrm_name_v2,fold_03,Спорт и отдых,0.0,0.025,0.018750000000000003
knrm_name_v2,fold_03,Строительство и ремонт,0.0,0.025,0.018750000000000003
knrm_name_v2,fold_03,Товары для животных,0.0,0.025,0.018750000000000003
knrm_name_v2,fold_03,Хобби и творчество,0.0,0.0,0.0
knrm_name_v2,fold_03,Электроника,0.0,0.05,0.037500000000000006
knrm_name_v2,fold_03,Ювелирные изделия,0.0,0.0,0.0
knrm_name_v2,fold_04,Автотовары,0.0,0.0,0.0
knrm_name_v2,fold_04,Аптека,0.0,0.025,0.018750000000000003
knrm_name_v2,fold_04,Бытовая техника,0.0,0.025,0.018750000000000003
knrm_name_v2,fold_04,Бытовая химия,0.0,0.0,0.0
knrm_name_v2,fold_04,Галантерея и аксессуары,0.0,0.025,0.018750000000000003
knrm_name_v2,fold_04,Детские товары,0.0,0.0,0.0
knrm_name_v2,fold_04,Дом и сад,0.0,0.0,0.0
knrm_name_v2,fold_04,Канцелярские товары,0.0,0.025,0.018750000000000003
knrm_name_v2,fold_04,Красота и гигиена,0.0,0.0,0.0
knrm_name_v2,fold_04,Мебель,0.0,0.0,0.0
knrm_name_v2,fold_04,Музыкальные инструменты,0.0,0.025,0.018750000000000003
knrm_name_v2,fold_04,Обувь,0.0,0.0,0.0
knrm_name_v2,fold_04,Одежда,0.0,0.0,0.0
knrm_name_v2,fold_04,Продукты питания,0.0,0.05,0.037500000000000006
knrm_name_v2,fold_04,Спорт и отдых,0.0,0.0,0.0
knrm_name_v2,fold_04,Строительство и ремонт,0.0,0.0,0.0
knrm_name_v2,fold_04,Товары для животных,0.0,0.025,0.018750000000000003
knrm_name_v2,fold_04,Хобби и творчество,0.0,0.0,0.0
knrm_name_v2,fold_04,Электроника,0.0,0.05,0.037500000000000006
knrm_name_v2,fold_04,Ювелирные изделия,0.0,0.0,0.0
ce_distill,fold_01,Автотовары,0.05,0.1,0.08750000000000001
ce_distill,fold_01,Аптека,0.05,0.1,0.08750000000000001
ce_distill,fold_01,Бытовая техника,0.05,0.0,0.0125
ce_distill,fold_01,Бытовая химия,0.05,0.35,0.27499999999999997
ce_distill,fold_01,Галантерея и аксессуары,0.05,0.2,0.16250000000000003
ce_distill,fold_01,Детские товары,0.05,0.2,0.16250000000000003
ce_distill,fold_01,Дом и сад,0.05,0.0,0.0125
ce_distill,fold_01,Канцелярские товары,0.05,0.2,0.16250000000000003
ce_distill,fold_01,Красота и гигиена,0.05,0.2,0.16250000000000003
ce_distill,fold_01,Мебель,0.05,0.0,0.0125
ce_distill,fold_01,Музыкальные инструменты,0.05,0.2,0.16250000000000003
ce_distill,fold_01,Обувь,0.05,0.1,0.08750000000000001
ce_distill,fold_01,Одежда,0.05,0.0,0.0125
ce_distill,fold_01,Продукты питания,0.05,0.1,0.08750000000000001
ce_distill,fold_01,Спорт и отдых,0.05,0.1,0.08750000000000001
ce_distill,fold_01,Строительство и ремонт,0.05,0.0,0.0125
ce_distill,fold_01,Товары для животных,0.05,0.0,0.0125
ce_distill,fold_01,Хобби и творчество,0.05,0.35,0.27499999999999997
ce_distill,fold_01,Электроника,0.05,0.2,0.16250000000000003
ce_distill,fold_01,Ювелирные изделия,0.05,0.35,0.27499999999999997
ce_distill,fold_02,Автотовары,0.05,0.2,0.16250000000000003
ce_distill,fold_02,Аптека,0.05,0.0,0.0125
ce_distill,fold_02,Бытовая техника,0.05,0.025,0.03125
ce_distill,fold_02,Бытовая химия,0.05,0.35,0.27499999999999997
ce_distill,fold_02,Галантерея и аксессуары,0.05,0.2,0.16250000000000003
ce_distill,fold_02,Детские товары,0.05,0.35,0.27499999999999997
ce_distill,fold_02,Дом и сад,0.05,0.1,0.08750000000000001
ce_distill,fold_02,Канцелярские товары,0.05,0.2,0.16250000000000003
ce_distill,fold_02,Красота и гигиена,0.05,0.05,0.05
ce_distill,fold_02,Мебель,0.05,0.0,0.0125
ce_distill,fold_02,Музыкальные инструменты,0.05,0.2,0.16250000000000003
ce_distill,fold_02,Обувь,0.05,0.1,0.08750000000000001
ce_distill,fold_02,Одежда,0.05,0.0,0.0125
ce_distill,fold_02,Продукты питания,0.05,0.2,0.16250000000000003
ce_distill,fold_02,Спорт и отдых,0.05,0.05,0.05
ce_distill,fold_02,Строительство и ремонт,0.05,0.0,0.0125
ce_distill,fold_02,Товары для животных,0.05,0.0,0.0125
ce_distill,fold_02,Хобби и творчество,0.05,0.2,0.16250000000000003
ce_distill,fold_02,Электроника,0.05,0.2,0.16250000000000003
ce_distill,fold_02,Ювелирные изделия,0.05,0.2,0.16250000000000003
ce_distill,fold_03,Автотовары,0.025,0.1,0.08125000000000002
ce_distill,fold_03,Аптека,0.025,0.2,0.15625000000000003
ce_distill,fold_03,Бытовая техника,0.025,0.0,0.00625
ce_distill,fold_03,Бытовая химия,0.025,0.35,0.26874999999999993
ce_distill,fold_03,Галантерея и аксессуары,0.025,0.1,0.08125000000000002
ce_distill,fold_03,Детские товары,0.025,0.35,0.26874999999999993
ce_distill,fold_03,Дом и сад,0.025,0.025,0.025
ce_distill,fold_03,Канцелярские товары,0.025,0.35,0.26874999999999993
ce_distill,fold_03,Красота и гигиена,0.025,0.05,0.043750000000000004
ce_distill,fold_03,Мебель,0.025,0.0,0.00625
ce_distill,fold_03,Музыкальные инструменты,0.025,0.2,0.15625000000000003
ce_distill,fold_03,Обувь,0.025,0.1,0.08125000000000002
ce_distill,fold_03,Одежда,0.025,0.0,0.00625
ce_distill,fold_03,Продукты питания,0.025,0.2,0.15625000000000003
ce_distill,fold_03,Спорт и отдых,0.025,0.05,0.043750000000000004
ce_distill,fold_03,Строительство и ремонт,0.025,0.0,0.00625
ce_distill,fold_03,Товары для животных,0.025,0.1,0.08125000000000002
ce_distill,fold_03,Хобби и творчество,0.025,0.35,0.26874999999999993
ce_distill,fold_03,Электроника,0.025,0.2,0.15625000000000003
ce_distill,fold_03,Ювелирные изделия,0.025,0.2,0.15625000000000003
ce_distill,fold_04,Автотовары,0.025,0.2,0.15625000000000003
ce_distill,fold_04,Аптека,0.025,0.2,0.15625000000000003
ce_distill,fold_04,Бытовая техника,0.025,0.025,0.025
ce_distill,fold_04,Бытовая химия,0.025,0.35,0.26874999999999993
ce_distill,fold_04,Галантерея и аксессуары,0.025,0.2,0.15625000000000003
ce_distill,fold_04,Детские товары,0.025,0.35,0.26874999999999993
ce_distill,fold_04,Дом и сад,0.025,0.025,0.025
ce_distill,fold_04,Канцелярские товары,0.025,0.2,0.15625000000000003
ce_distill,fold_04,Красота и гигиена,0.025,0.1,0.08125000000000002
ce_distill,fold_04,Мебель,0.025,0.0,0.00625
ce_distill,fold_04,Музыкальные инструменты,0.025,0.2,0.15625000000000003
ce_distill,fold_04,Обувь,0.025,0.1,0.08125000000000002
ce_distill,fold_04,Одежда,0.025,0.0,0.00625
ce_distill,fold_04,Продукты питания,0.025,0.35,0.26874999999999993
ce_distill,fold_04,Спорт и отдых,0.025,0.1,0.08125000000000002
ce_distill,fold_04,Строительство и ремонт,0.025,0.0,0.00625
ce_distill,fold_04,Товары для животных,0.025,0.0,0.00625
ce_distill,fold_04,Хобби и творчество,0.025,0.35,0.26874999999999993
ce_distill,fold_04,Электроника,0.025,0.1,0.08125000000000002
ce_distill,fold_04,Ювелирные изделия,0.025,0.1,0.08125000000000002
