variant,fold,category,rows,prauc
baseline,fold_01,Автотовары,4786,0.7149550345083932
baseline,fold_01,Аптека,4621,0.880057518202825
baseline,fold_01,Бытовая техника,4467,0.8538324325554587
baseline,fold_01,Бытовая химия,4337,0.9024826130519751
baseline,fold_01,Галантерея и аксессуары,4428,0.7318175713079919
baseline,fold_01,Детские товары,4430,0.9223705522050811
baseline,fold_01,Дом и сад,4573,0.8376904119380493
baseline,fold_01,Канцелярские товары,4381,0.8009173918001233
baseline,fold_01,Красота и гигиена,4295,0.8403011277925782
baseline,fold_01,Мебель,4583,0.7618722696554069
baseline,fold_01,Музыкальные инструменты,4436,0.8681978236786558
baseline,fold_01,Обувь,4482,0.5778343088293286
baseline,fold_01,Одежда,5946,0.5966351533985815
baseline,fold_01,Продукты питания,4549,0.8966755853406766
baseline,fold_01,Спорт и отдых,4319,0.746974534081809
baseline,fold_01,Строительство и ремонт,4559,0.806882802844594
baseline,fold_01,Товары для животных,4560,0.9113742694029662
baseline,fold_01,Хобби и творчество,4339,0.9313649241938037
baseline,fold_01,Электроника,4526,0.7872871713673278
baseline,fold_01,Ювелирные изделия,4540,0.6241133785799892
category_balanced,fold_01,Автотовары,4786,0.7143100305718108
category_balanced,fold_01,Аптека,4621,0.8784563162522037
category_balanced,fold_01,Бытовая техника,4467,0.8542033596932771
category_balanced,fold_01,Бытовая химия,4337,0.9017626895484334
category_balanced,fold_01,Галантерея и аксессуары,4428,0.7346846449930926
category_balanced,fold_01,Детские товары,4430,0.9227545876925853
category_balanced,fold_01,Дом и сад,4573,0.8400831909333154
category_balanced,fold_01,Канцелярские товары,4381,0.8032630801899759
category_balanced,fold_01,Красота и гигиена,4295,0.8405028642543908
category_balanced,fold_01,Мебель,4583,0.7627280125846005
category_balanced,fold_01,Музыкальные инструменты,4436,0.8663320822619627
category_balanced,fold_01,Обувь,4482,0.577649499806539
category_balanced,fold_01,Одежда,5946,0.5897958327501768
category_balanced,fold_01,Продукты питания,4549,0.8966515207632617
category_balanced,fold_01,Спорт и отдых,4319,0.7483915710042112
category_balanced,fold_01,Строительство и ремонт,4559,0.8072481379134638
category_balanced,fold_01,Товары для животных,4560,0.9105789071398052
category_balanced,fold_01,Хобби и творчество,4339,0.9311799157359149
category_balanced,fold_01,Электроника,4526,0.7877962190745587
category_balanced,fold_01,Ювелирные изделия,4540,0.6245927957353865
baseline,fold_02,Автотовары,4660,0.7466137870572036
baseline,fold_02,Аптека,4520,0.8809464735019011
baseline,fold_02,Бытовая техника,4350,0.8577852119715229
baseline,fold_02,Бытовая химия,4400,0.9206161927227271
baseline,fold_02,Галантерея и аксессуары,4507,0.748641394205487
baseline,fold_02,Детские товары,4432,0.9245056420029323
baseline,fold_02,Дом и сад,4436,0.8532404426175586
baseline,fold_02,Канцелярские товары,4361,0.8395863444198991
baseline,fold_02,Красота и гигиена,4224,0.8322158554267837
baseline,fold_02,Мебель,4565,0.7573281649011724
baseline,fold_02,Музыкальные инструменты,4375,0.8638415215609634
baseline,fold_02,Обувь,4622,0.5737078676092485
baseline,fold_02,Одежда,5777,0.5805103374399849
baseline,fold_02,Продукты питания,4581,0.8966506171741417
baseline,fold_02,Спорт и отдых,4417,0.7654863566339839
baseline,fold_02,Строительство и ремонт,4495,0.8338665079091188
baseline,fold_02,Товары для животных,4534,0.9093406466997866
baseline,fold_02,Хобби и творчество,4488,0.9436667195438562
baseline,fold_02,Электроника,4906,0.7915809547943294
baseline,fold_02,Ювелирные изделия,4824,0.5742492573406728
category_balanced,fold_02,Автотовары,4660,0.7473287493090933
category_balanced,fold_02,Аптека,4520,0.878012975970705
category_balanced,fold_02,Бытовая техника,4350,0.8578879636280442
category_balanced,fold_02,Бытовая химия,4400,0.9202523654060137
category_balanced,fold_02,Галантерея и аксессуары,4507,0.747237357381554
category_balanced,fold_02,Детские товары,4432,0.9242695451692151
category_balanced,fold_02,Дом и сад,4436,0.8535312499968852
category_balanced,fold_02,Канцелярские товары,4361,0.8414282050050205
category_balanced,fold_02,Красота и гигиена,4224,0.8337835896212412
category_balanced,fold_02,Мебель,4565,0.7588293719198262
category_balanced,fold_02,Музыкальные инструменты,4375,0.8665819574255267
category_balanced,fold_02,Обувь,4622,0.5766179845308684
category_balanced,fold_02,Одежда,5777,0.5690024886563119
category_balanced,fold_02,Продукты питания,4581,0.8963195138828656
category_balanced,fold_02,Спорт и отдых,4417,0.7652692177503578
category_balanced,fold_02,Строительство и ремонт,4495,0.8338396595083986
category_balanced,fold_02,Товары для животных,4534,0.9093166786649266
category_balanced,fold_02,Хобби и творчество,4488,0.9439626307508051
category_balanced,fold_02,Электроника,4906,0.7882288416929658
category_balanced,fold_02,Ювелирные изделия,4824,0.5701247401908703
baseline,pooled_2fold,Автотовары,9446,0.730116956309021
baseline,pooled_2fold,Аптека,9141,0.8806839323990223
baseline,pooled_2fold,Бытовая техника,8817,0.8554314531033688
baseline,pooled_2fold,Бытовая химия,8737,0.9110200295381166
baseline,pooled_2fold,Галантерея и аксессуары,8935,0.7396994282481946
baseline,pooled_2fold,Детские товары,8862,0.9232222240701199
baseline,pooled_2fold,Дом и сад,9009,0.8452552957987818
baseline,pooled_2fold,Канцелярские товары,8742,0.8209413067582858
baseline,pooled_2fold,Красота и гигиена,8519,0.8362635077908677
baseline,pooled_2fold,Мебель,9148,0.7588932966974044
baseline,pooled_2fold,Музыкальные инструменты,8811,0.8663613872197181
baseline,pooled_2fold,Обувь,9104,0.5749243167784033
baseline,pooled_2fold,Одежда,11723,0.5885239430323017
baseline,pooled_2fold,Продукты питания,9130,0.8964993208236238
baseline,pooled_2fold,Спорт и отдых,8736,0.7561980362116884
baseline,pooled_2fold,Строительство и ремонт,9054,0.8200825762234972
baseline,pooled_2fold,Товары для животных,9094,0.9101985601111577
baseline,pooled_2fold,Хобби и творчество,8827,0.9375838021333656
baseline,pooled_2fold,Электроника,9432,0.7890227306608963
baseline,pooled_2fold,Ювелирные изделия,9364,0.5979990065316587
category_balanced,pooled_2fold,Автотовары,9446,0.7305803039444827
category_balanced,pooled_2fold,Аптека,9141,0.8783961712333109
category_balanced,pooled_2fold,Бытовая техника,8817,0.8559329340470745
category_balanced,pooled_2fold,Бытовая химия,8737,0.9103335475692748
category_balanced,pooled_2fold,Галантерея и аксессуары,8935,0.7403988455030152
category_balanced,pooled_2fold,Детские товары,8862,0.9233777240258272
category_balanced,pooled_2fold,Дом и сад,9009,0.8463094236521076
category_balanced,pooled_2fold,Канцелярские товары,8742,0.8227750181086722
category_balanced,pooled_2fold,Красота и гигиена,8519,0.8371329853482605
category_balanced,pooled_2fold,Мебель,9148,0.7598839777617372
category_balanced,pooled_2fold,Музыкальные инструменты,8811,0.866361391161433
category_balanced,pooled_2fold,Обувь,9104,0.5767908292397117
category_balanced,pooled_2fold,Одежда,11723,0.5797370395192688
category_balanced,pooled_2fold,Продукты питания,9130,0.8962176667797326
category_balanced,pooled_2fold,Спорт и отдых,8736,0.7567016969128877
category_balanced,pooled_2fold,Строительство и ремонт,9054,0.820060301755133
category_balanced,pooled_2fold,Товары для животных,9094,0.9097258167293738
category_balanced,pooled_2fold,Хобби и творчество,8827,0.9376591526744018
category_balanced,pooled_2fold,Электроника,9432,0.787262710308456
category_balanced,pooled_2fold,Ювелирные изделия,9364,0.595761443422968
