category,fold,slice,n,positives,negatives,coverage,prevalence,baseline_ap,parent_baseline_ap,collapse_delta,groups
Обувь,fold_01,all,4482,446,4036,1.0,0.0995091477019188,0.5788291810730476,0.5788291810730476,0.0,4300
Обувь,fold_01,name_exact,240,21,219,0.0535475234270415,0.0875,0.43652757423365907,0.5788291810730476,-0.14230160683938853,234
Обувь,fold_01,name_near,54,5,49,0.012048192771084338,0.09259259259259259,0.6248366013071895,0.5788291810730476,0.04600742023414195,46
Обувь,fold_01,name_other,4188,420,3768,0.9344042838018741,0.10028653295128939,0.5862473570066025,0.5788291810730476,0.007418175933554871,4040
Обувь,fold_01,attrs_present,4482,446,4036,1.0,0.0995091477019188,0.5788291810730476,0.5788291810730476,0.0,4300
Обувь,fold_01,brand_agree,538,146,392,0.12003569834895136,0.27137546468401486,0.6794075190749295,0.5788291810730476,0.10057833800188187,522
Обувь,fold_01,brand_conflict,475,32,443,0.10597947344935296,0.06736842105263158,0.645580791398237,0.5788291810730476,0.06675161032518939,469
Обувь,fold_01,brand_one_missing,3469,268,3201,0.7739848282016957,0.07725569328336697,0.5117979628160205,0.5788291810730476,-0.06703121825702707,3320
Обувь,fold_01,model_agree,59,5,54,0.013163766175814369,0.0847457627118644,0.8083333333333333,0.5788291810730476,0.22950415226028575,59
Обувь,fold_01,model_conflict,1218,171,1047,0.2717536813922356,0.14039408866995073,0.6536103724180397,0.5788291810730476,0.07478119134499206,1190
Обувь,fold_01,model_one_missing,3205,270,2935,0.7150825524319501,0.0842433697347894,0.5267407068723505,0.5788291810730476,-0.052088474200697066,3056
Обувь,fold_01,article_both_missing,3369,292,3077,0.7516733601070951,0.08667260314633422,0.5275995673853298,0.5788291810730476,-0.051229613687717834,3210
Обувь,fold_01,article_one_missing,1113,154,959,0.24832663989290496,0.13836477987421383,0.6819098324197721,0.5788291810730476,0.1030806513467245,1095
Обувь,fold_01,size_comparable_agree,396,60,336,0.08835341365461848,0.15151515151515152,0.5976941087777419,0.5788291810730476,0.01886492770469428,392
Обувь,fold_01,size_comparable_mismatch,3062,296,2766,0.6831771530566711,0.09666884389288047,0.5969430765044376,0.5788291810730476,0.01811389543138997,2954
Обувь,fold_01,size_not_comparable,1024,90,934,0.2284694332887104,0.087890625,0.5327777588585539,0.5788291810730476,-0.046051422214493654,983
Обувь,fold_01,numeric_conflict,59,8,51,0.013163766175814369,0.13559322033898305,0.705026455026455,0.5788291810730476,0.1261972739534074,59
Обувь,fold_01,numeric_missing,4286,419,3867,0.9562695225345827,0.09776014932337844,0.5679053187212214,0.5788291810730476,-0.010923862351826186,4136
Обувь,fold_01,numeric_overlap,137,19,118,0.030566711289602855,0.1386861313868613,0.7244578408941824,0.5788291810730476,0.14562865982113482,123
Обувь,fold_01,text_long,1203,123,1080,0.2684069611780455,0.10224438902743142,0.5730469614088027,0.5788291810730476,-0.005782219664244859,1155
Обувь,fold_01,text_medium,3258,322,2936,0.7269076305220884,0.09883364027010436,0.5820874902366312,0.5788291810730476,0.003258309163583606,3172
Обувь,fold_01,text_very_long,21,1,20,0.004685408299866131,0.047619047619047616,1.0,0.5788291810730476,0.4211708189269524,21
Обувь,fold_01,score_01_05,148,0,148,0.03302097278000892,0.0,,0.5788291810730476,,148
Обувь,fold_01,score_05_20,1732,9,1723,0.38643462739848283,0.005196304849884526,0.06251428570032297,0.5788291810730476,-0.5163148953727246,1693
Обувь,fold_01,score_20_50,1403,48,1355,0.3130298973672468,0.03421240199572345,0.07149965951385605,0.5788291810730476,-0.5073295215591915,1359
Обувь,fold_01,score_50_80,1066,289,777,0.23784024988844266,0.27110694183864914,0.4789350193903164,0.5788291810730476,-0.09989416168273119,1052
Обувь,fold_01,score_80_95,133,100,33,0.02967425256581883,0.7518796992481203,0.8429100068801838,0.5788291810730476,0.2640808258071362,132
Обувь,fold_01,text_asymmetric,589,55,534,0.13141454707719769,0.0933786078098472,0.38967808334877085,0.5788291810730476,-0.18915109772427674,565
Обувь,fold_02,all,4622,443,4179,1.0,0.09584595413241022,0.5802672270769795,0.5802672270769795,0.0,4427
Обувь,fold_02,name_exact,263,12,251,0.05690177412375595,0.045627376425855515,0.41506175823890845,0.5802672270769795,-0.16520546883807108,244
Обувь,fold_02,name_near,47,3,44,0.010168758113370835,0.06382978723404255,0.8055555555555556,0.5802672270769795,0.22528832847857605,40
Обувь,fold_02,name_other,4312,428,3884,0.9329294677628732,0.09925788497217068,0.586972649465948,0.5802672270769795,0.0067054223889684295,4160
Обувь,fold_02,attrs_present,4622,443,4179,1.0,0.09584595413241022,0.5802672270769795,0.5802672270769795,0.0,4427
Обувь,fold_02,brand_agree,531,150,381,0.11488533102553007,0.2824858757062147,0.6829112685942126,0.5802672270769795,0.10264404151723305,517
Обувь,fold_02,brand_conflict,462,22,440,0.09995672868887927,0.047619047619047616,0.6837486620032249,0.5802672270769795,0.1034814349262454,459
Обувь,fold_02,brand_one_missing,3629,271,3358,0.7851579402855906,0.07467621934417194,0.5022798151381801,0.5802672270769795,-0.07798741193879943,3462
Обувь,fold_02,model_agree,68,2,66,0.014712245781047165,0.029411764705882353,0.75,0.5802672270769795,0.16973277292302047,68
Обувь,fold_02,model_conflict,1266,174,1092,0.27390739939420167,0.13744075829383887,0.7073453175531487,0.5802672270769795,0.12707809047616914,1237
Обувь,fold_02,model_one_missing,3288,267,3021,0.7113803548247511,0.0812043795620438,0.4823175219627904,0.5802672270769795,-0.09794970511418916,3133
Обувь,fold_02,article_both_missing,3453,288,3165,0.7470791864993509,0.08340573414422242,0.5096883509831329,0.5802672270769795,-0.07057887609384661,3286
Обувь,fold_02,article_one_missing,1169,155,1014,0.25292081350064904,0.13259195893926431,0.6889689190301285,0.5802672270769795,0.10870169195314894,1148
Обувь,fold_02,size_comparable_agree,409,63,346,0.08848983124188663,0.15403422982885084,0.674478899937434,0.5802672270769795,0.09421167286045451,409
Обувь,fold_02,size_comparable_mismatch,3140,285,2855,0.6793595845954132,0.09076433121019108,0.5766769139777784,0.5802672270769795,-0.0035903130992011034,3009
Обувь,fold_02,size_not_comparable,1073,95,978,0.23215058416270012,0.08853681267474371,0.5284997782527692,0.5802672270769795,-0.05176744882421036,1038
Обувь,fold_02,numeric_conflict,71,11,60,0.01536131544785807,0.15492957746478872,0.4103927473492691,0.5802672270769795,-0.16987447972771041,70
Обувь,fold_02,numeric_missing,4447,415,4032,0.9621376027693639,0.09332134022936811,0.5873880047439672,0.5802672270769795,0.00712077766698771,4277
Обувь,fold_02,numeric_overlap,104,17,87,0.02250108178277802,0.16346153846153846,0.6534562007882811,0.5802672270769795,0.07318897371130162,98
Обувь,fold_02,text_long,1137,101,1036,0.24599740372133275,0.08883025505716799,0.5307588449880613,0.5802672270769795,-0.04950838208891828,1111
Обувь,fold_02,text_medium,3457,341,3116,0.7479446127217655,0.0986404396875904,0.5983061675056919,0.5802672270769795,0.018038940428712347,3336
Обувь,fold_02,text_very_long,28,1,27,0.006057983556901774,0.03571428571428571,0.5,0.5802672270769795,-0.08026722707697953,27
Обувь,fold_02,score_01_05,98,0,98,0.02120294244915621,0.0,,0.5802672270769795,,93
Обувь,fold_02,score_05_20,1665,7,1658,0.36023366508005195,0.004204204204204204,0.008138440011307788,0.5802672270769795,-0.5721287870656717,1627
Обувь,fold_02,score_20_50,1739,54,1685,0.3762440501947209,0.03105232892466935,0.08482889917540434,0.5802672270769795,-0.49543832790157516,1681
Обувь,fold_02,score_50_80,1030,312,718,0.22284725227174385,0.3029126213592233,0.5331306123009065,0.5802672270769795,-0.047136614776073005,1020
Обувь,fold_02,score_80_95,89,69,20,0.019255733448723496,0.7752808988764045,0.8769897032011119,0.5802672270769795,0.2967224761241324,89
Обувь,fold_02,score_95_99,1,1,0,0.00021635655560363478,1.0,,0.5802672270769795,,1
Обувь,fold_02,text_asymmetric,556,47,509,0.12029424491562095,0.08453237410071943,0.3947547879807009,0.5802672270769795,-0.18551243909627863,528
Обувь,fold_03,all,4616,436,4180,1.0,0.09445407279029462,0.5896732952561569,0.5896732952561569,0.0,4391
Обувь,fold_03,name_exact,232,19,213,0.05025996533795494,0.08189655172413793,0.5732665047138732,0.5896732952561569,-0.016406790542283667,222
Обувь,fold_03,name_near,53,4,49,0.011481802426343155,0.07547169811320754,1.0,0.5896732952561569,0.41032670474384314,43
Обувь,fold_03,name_other,4331,413,3918,0.9382582322357019,0.09535903948279843,0.5894322216443147,0.5896732952561569,-0.00024107361184211307,4146
Обувь,fold_03,attrs_present,4616,436,4180,1.0,0.09445407279029462,0.5896732952561569,0.5896732952561569,0.0,4391
Обувь,fold_03,brand_agree,566,158,408,0.12261698440207973,0.2791519434628975,0.6477476127457524,0.5896732952561569,0.05807431748959557,547
Обувь,fold_03,brand_conflict,473,37,436,0.10246967071057192,0.07822410147991543,0.7054271767596669,0.5896732952561569,0.11575388150351007,469
Обувь,fold_03,brand_one_missing,3577,241,3336,0.7749133448873483,0.06737489516354488,0.5295311436576812,0.5896732952561569,-0.06014215159847569,3395
Обувь,fold_03,model_agree,73,4,69,0.015814558058925475,0.0547945205479452,0.7928571428571429,0.5896732952561569,0.20318384760098607,72
Обувь,fold_03,model_conflict,1248,184,1064,0.2703639514731369,0.14743589743589744,0.6585563346487405,0.5896732952561569,0.06888303939258367,1216
Обувь,fold_03,model_one_missing,3295,248,3047,0.7138214904679376,0.07526555386949924,0.5331548818596848,0.5896732952561569,-0.05651841339647201,3113
Обувь,fold_03,article_both_missing,3428,275,3153,0.74263431542461,0.08022170361726955,0.5275591804708328,0.5896732952561569,-0.062114114785324026,3242
Обувь,fold_03,article_one_missing,1188,161,1027,0.25736568457538994,0.13552188552188552,0.6834495418534015,0.5896732952561569,0.0937762465972446,1155
Обувь,fold_03,size_comparable_agree,429,76,353,0.09293760831889082,0.17715617715617715,0.6789288967688418,0.5896732952561569,0.08925560151268497,426
Обувь,fold_03,size_comparable_mismatch,3081,282,2799,0.6674610051993067,0.09152872444011685,0.5804721337477622,0.5896732952561569,-0.009201161508394673,2943
Обувь,fold_03,size_not_comparable,1106,78,1028,0.23960138648180243,0.0705244122965642,0.54589147199378,0.5896732952561569,-0.043781823262376895,1057
Обувь,fold_03,numeric_conflict,71,11,60,0.015381282495667245,0.15492957746478872,0.7663947163947163,0.5896732952561569,0.1767214211385595,69
Обувь,fold_03,numeric_missing,4386,399,3987,0.9501733102253033,0.09097127222982217,0.57283287358976,0.5896732952561569,-0.016840421666396876,4203
Обувь,fold_03,numeric_overlap,159,26,133,0.034445407279029464,0.16352201257861634,0.7951529446975231,0.5896732952561569,0.2054796494413662,142
Обувь,fold_03,text_long,1211,124,1087,0.2623483535528596,0.10239471511147812,0.5188173772989406,0.5896732952561569,-0.07085591795721624,1162
Обувь,fold_03,text_medium,3373,312,3061,0.7307192374350087,0.09249925882004151,0.6166910888670117,0.5896732952561569,0.02701779361085488,3255
Обувь,fold_03,text_very_long,32,0,32,0.006932409012131715,0.0,,0.5896732952561569,,31
Обувь,fold_03,score_01_05,127,0,127,0.027512998266897747,0.0,,0.5896732952561569,,125
Обувь,fold_03,score_05_20,1721,1,1720,0.37283362218370886,0.0005810575246949448,0.0013869625520110957,0.5896732952561569,-0.5882863327041458,1673
Обувь,fold_03,score_20_50,1525,44,1481,0.33037261698440207,0.028852459016393443,0.04662163819666347,0.5896732952561569,-0.5430516570594934,1468
Обувь,fold_03,score_50_80,1147,322,825,0.2484835355285962,0.2807323452484743,0.5367519056261256,0.5896732952561569,-0.052921389630031235,1125
Обувь,fold_03,score_80_95,96,69,27,0.02079722703639515,0.71875,0.8759919798750859,0.5896732952561569,0.28631868461892906,96
Обувь,fold_03,text_asymmetric,568,35,533,0.12305025996533796,0.061619718309859156,0.35155252895930555,0.5896732952561569,-0.2381207662968513,536
Обувь,fold_04,all,4642,488,4154,1.0,0.10512710038776389,0.5677430507557529,0.5677430507557529,0.0,4456
Обувь,fold_04,name_exact,254,17,237,0.05471779405428694,0.06692913385826772,0.4349061874299151,0.5677430507557529,-0.13283686332583783,247
Обувь,fold_04,name_near,46,2,44,0.00990952175786299,0.043478260869565216,1.0,0.5677430507557529,0.43225694924424707,38
Обувь,fold_04,name_other,4342,469,3873,0.93537268418785,0.1080147397512667,0.5690163546407934,0.5677430507557529,0.0012733038850404332,4190
Обувь,fold_04,attrs_present,4642,488,4154,1.0,0.10512710038776389,0.5677430507557529,0.5677430507557529,0.0,4456
Обувь,fold_04,brand_agree,572,173,399,0.12322274881516587,0.30244755244755245,0.6630257213873673,0.5677430507557529,0.09528267063161433,558
Обувь,fold_04,brand_conflict,457,40,417,0.0984489444205084,0.087527352297593,0.7331906700899474,0.5677430507557529,0.1654476193341945,452
Обувь,fold_04,brand_one_missing,3613,275,3338,0.7783283067643257,0.07611403265983947,0.48754153733151134,0.5677430507557529,-0.08020151342424159,3458
Обувь,fold_04,model_agree,78,7,71,0.01680310211115898,0.08974358974358974,0.9999999999999998,0.5677430507557529,0.43225694924424685,76
Обувь,fold_04,model_conflict,1243,210,1033,0.2677725118483412,0.16894609814963799,0.6983925353972497,0.5677430507557529,0.13064948464149673,1212
Обувь,fold_04,model_one_missing,3321,271,3050,0.7154243860404997,0.08160192713038242,0.44827889010116234,0.5677430507557529,-0.11946416065459059,3173
Обувь,fold_04,article_both_missing,3475,298,3177,0.7485997414907367,0.08575539568345324,0.4890498237842777,0.5677430507557529,-0.07869322697147524,3315
Обувь,fold_04,article_one_missing,1167,190,977,0.25140025850926323,0.16281062553556128,0.6695330355272813,0.5677430507557529,0.10178998477152834,1145
Обувь,fold_04,size_comparable_agree,414,58,356,0.08918569582076691,0.14009661835748793,0.50026794056844,0.5677430507557529,-0.06747511018731289,413
Обувь,fold_04,size_comparable_mismatch,3086,330,2756,0.6647996553209823,0.10693454309786131,0.5987712140201953,0.5677430507557529,0.031028163264442354,2982
Обувь,fold_04,size_not_comparable,1142,100,1042,0.24601464885825075,0.08756567425569177,0.538633675497984,0.5677430507557529,-0.02910937525776891,1091
Обувь,fold_04,numeric_conflict,66,6,60,0.014218009478672985,0.09090909090909091,0.7568713450292397,0.5677430507557529,0.18912829427348676,66
Обувь,fold_04,numeric_missing,4438,458,3980,0.9560534252477381,0.103199639477242,0.5705601895852926,0.5677430507557529,0.0028171388295397115,4275
Обувь,fold_04,numeric_overlap,138,24,114,0.02972856527358897,0.17391304347826086,0.5759286061401758,0.5677430507557529,0.008185555384422893,129
Обувь,fold_04,text_long,1221,138,1083,0.26303317535545023,0.11302211302211303,0.6293196628349425,0.5677430507557529,0.06157661207918952,1183
Обувь,fold_04,text_medium,3396,350,3046,0.7315812149935372,0.10306242638398115,0.5540389347325917,0.5677430507557529,-0.013704116023161239,3291
Обувь,fold_04,text_very_long,25,0,25,0.005385609651012494,0.0,,0.5677430507557529,,25
Обувь,fold_04,score_01_05,233,0,233,0.05019388194743645,0.0,,0.5677430507557529,,232
Обувь,fold_04,score_05_20,1833,9,1824,0.3948728996122361,0.004909983633387889,0.04120902919702594,0.5677430507557529,-0.526534021558727,1783
Обувь,fold_04,score_20_50,1408,66,1342,0.3033175355450237,0.046875,0.09649790992187698,0.5677430507557529,-0.4712451408338759,1385
Обувь,fold_04,score_50_80,1065,336,729,0.22942697113313226,0.3154929577464789,0.5315368582990851,0.5677430507557529,-0.036206192456667785,1049
Обувь,fold_04,score_80_95,103,77,26,0.02218871176217148,0.7475728155339806,0.7692236886750012,0.5677430507557529,0.2014806379192483,103
Обувь,fold_04,text_asymmetric,647,57,590,0.13937957776820337,0.08809891808346214,0.3885549764669811,0.5677430507557529,-0.17918807428877181,620
Одежда,fold_01,all,5946,691,5255,1.0,0.11621257988563741,0.6027141252324629,0.6027141252324629,0.0,5713
Одежда,fold_01,name_exact,183,18,165,0.03077699293642785,0.09836065573770492,0.6255254945242482,0.6027141252324629,0.02281136929178529,180
Одежда,fold_01,name_near,44,11,33,0.007399932727884292,0.25,0.7666583416583417,0.6027141252324629,0.16394421642587875,44
Одежда,fold_01,name_other,5719,662,5057,0.9618230743356878,0.11575450253540828,0.5993921882138163,0.6027141252324629,-0.0033219370186465813,5494
Одежда,fold_01,attrs_one_missing,1,0,1,0.00016818028927009755,0.0,,0.6027141252324629,,1
Одежда,fold_01,attrs_present,5945,691,5254,0.9998318197107299,0.11623212783851976,0.60274950821638,0.6027141252324629,3.538298391703165e-05,5712
Одежда,fold_01,brand_agree,149,70,79,0.025058863101244534,0.4697986577181208,0.7038100475222311,0.6027141252324629,0.10109592228976816,148
Одежда,fold_01,brand_conflict,222,17,205,0.03733602421796166,0.07657657657657657,0.5351076364239782,0.6027141252324629,-0.06760648880848474,221
Одежда,fold_01,brand_one_missing,5575,604,4971,0.9376051126807938,0.1083408071748879,0.5952384074172964,0.6027141252324629,-0.007475717815166538,5353
Одежда,fold_01,model_agree,106,14,92,0.01782711066263034,0.1320754716981132,0.6644775733339854,0.6027141252324629,0.061763448101522456,106
Одежда,fold_01,model_both_missing,46,9,37,0.007736293306424487,0.1956521739130435,0.6263468013468014,0.6027141252324629,0.023632676114338502,46
Одежда,fold_01,model_conflict,1058,158,900,0.17793474604776321,0.14933837429111532,0.6811485597980854,0.6027141252324629,0.07843443456562249,1035
Одежда,fold_01,model_one_missing,4736,510,4226,0.796501849983182,0.10768581081081081,0.576475573177873,0.6027141252324629,-0.026238552054589914,4550
Одежда,fold_01,article_both_missing,5236,604,4632,0.8805919946182308,0.11535523300229182,0.5852877919519341,0.6027141252324629,-0.017426333280528783,5021
Одежда,fold_01,article_one_missing,710,87,623,0.11940800538176925,0.12253521126760564,0.7148843549130278,0.6027141252324629,0.11217022968056489,701
Одежда,fold_01,size_comparable_agree,1209,187,1022,0.20332996972754794,0.15467328370554176,0.6549578964834868,0.6027141252324629,0.05224377125102386,1191
Одежда,fold_01,size_comparable_mismatch,3667,369,3298,0.6167171207534476,0.10062721570766293,0.5899451629199043,0.6027141252324629,-0.01276896231255864,3540
Одежда,fold_01,size_not_comparable,1070,135,935,0.17995290951900436,0.1261682242990654,0.5883643454131456,0.6027141252324629,-0.014349779819317288,1057
Одежда,fold_01,numeric_conflict,204,47,157,0.034308779011099896,0.23039215686274508,0.7262475910261046,0.6027141252324629,0.12353346579364166,202
Одежда,fold_01,numeric_missing,5540,596,4944,0.9317188025563404,0.10758122743682311,0.5829621644167358,0.6027141252324629,-0.019751960815727165,5322
Одежда,fold_01,numeric_overlap,202,48,154,0.0339724184325597,0.2376237623762376,0.7191252306533825,0.6027141252324629,0.11641110542091959,197
Одежда,fold_01,text_long,1316,148,1168,0.22132526067944838,0.11246200607902736,0.649011987138265,0.6027141252324629,0.046297861905802096,1290
Одежда,fold_01,text_medium,4622,542,4080,0.7773292970063909,0.11726525313717005,0.5940841862146887,0.6027141252324629,-0.008629939017774202,4436
Одежда,fold_01,text_short_both,1,0,1,0.00016818028927009755,0.0,,0.6027141252324629,,1
Одежда,fold_01,text_very_long,7,1,6,0.0011772620248906827,0.14285714285714285,0.5,0.6027141252324629,-0.10271412523246293,7
Одежда,fold_01,score_01_05,238,0,238,0.04002690884628322,0.0,,0.6027141252324629,,228
Одежда,fold_01,score_05_20,1960,6,1954,0.32963336696939116,0.003061224489795918,0.006294817033471869,0.6027141252324629,-0.596419308198991,1871
Одежда,fold_01,score_20_50,1832,59,1773,0.3081062899428187,0.03220524017467249,0.06227094238378499,0.6027141252324629,-0.540443182848678,1808
Одежда,fold_01,score_50_80,1663,442,1221,0.27968382105617223,0.26578472639807577,0.49608341356964114,0.6027141252324629,-0.10663071166282179,1632
Одежда,fold_01,score_80_95,253,184,69,0.04254961318533468,0.7272727272727273,0.8064681854296866,0.6027141252324629,0.20375406019722364,252
Одежда,fold_01,text_asymmetric,1096,126,970,0.1843255970400269,0.11496350364963503,0.554125980449574,0.6027141252324629,-0.048588144782888976,1081
Одежда,fold_02,all,5777,664,5113,1.0,0.11493854942011425,0.5915063221796568,0.5915063221796568,0.0,5585
Одежда,fold_02,name_exact,218,33,185,0.03773584905660377,0.15137614678899083,0.4358175950938088,0.5915063221796568,-0.15568872708584802,213
Одежда,fold_02,name_near,31,4,27,0.005366106975939069,0.12903225806451613,0.49166666666666664,0.5915063221796568,-0.09983965551299018,31
Одежда,fold_02,name_other,5528,627,4901,0.9568980439674571,0.11342257597684516,0.599585600315026,0.5915063221796568,0.008079278135369128,5342
Одежда,fold_02,attrs_present,5777,664,5113,1.0,0.11493854942011425,0.5915063221796568,0.5915063221796568,0.0,5585
Одежда,fold_02,brand_agree,152,63,89,0.026311234204604465,0.4144736842105263,0.7476398293738012,0.5915063221796568,0.15613350719414443,150
Одежда,fold_02,brand_conflict,203,23,180,0.03513934568114938,0.11330049261083744,0.6554404872222837,0.5915063221796568,0.06393416504262683,200
Одежда,fold_02,brand_one_missing,5422,578,4844,0.9385494201142461,0.1066027296200664,0.5710487311608395,0.5915063221796568,-0.020457591018817278,5243
Одежда,fold_02,model_agree,108,21,87,0.018694824303271594,0.19444444444444445,0.7567157384826559,0.5915063221796568,0.16520941630299912,107
Одежда,fold_02,model_both_missing,51,12,39,0.00882811147654492,0.23529411764705882,0.3449659327207093,0.5915063221796568,-0.24654038945894752,49
Одежда,fold_02,model_conflict,1028,157,871,0.17794703133114073,0.15272373540856032,0.6743318516955379,0.5915063221796568,0.08282552951588107,1008
Одежда,fold_02,model_one_missing,4590,474,4116,0.7945300328890428,0.10326797385620914,0.5662332039370869,0.5915063221796568,-0.025273118242569947,4438
Одежда,fold_02,article_both_missing,5038,581,4457,0.8720789337026138,0.11532354108773323,0.5743334255721575,0.5915063221796568,-0.01717289660749932,4864
Одежда,fold_02,article_one_missing,739,83,656,0.1279210662973862,0.11231393775372124,0.7107483449124237,0.5915063221796568,0.11924202273276685,729
Одежда,fold_02,size_comparable_agree,1173,172,1001,0.20304656396053314,0.1466325660699062,0.6330677200907422,0.5915063221796568,0.041561397911085374,1156
Одежда,fold_02,size_comparable_mismatch,3537,344,3193,0.6122554959321447,0.09725756290641786,0.5470518734003555,0.5915063221796568,-0.04445444877930127,3430
Одежда,fold_02,size_not_comparable,1067,148,919,0.18469794010732213,0.1387066541705717,0.6444309873539994,0.5915063221796568,0.05292466517434258,1046
Одежда,fold_02,numeric_conflict,165,41,124,0.02856153712999827,0.24848484848484848,0.7809223472848781,0.5915063221796568,0.18941602510522126,165
Одежда,fold_02,numeric_missing,5397,571,4826,0.9342219144884888,0.10579951825088012,0.5643318381402795,0.5915063221796568,-0.027174484039377278,5216
Одежда,fold_02,numeric_overlap,215,52,163,0.03721654838151289,0.24186046511627907,0.7394365314603637,0.5915063221796568,0.14793020928070688,211
Одежда,fold_02,text_long,1343,151,1192,0.2324736022156829,0.11243484735666419,0.6240514419327498,0.5915063221796568,0.03254511975309293,1319
Одежда,fold_02,text_medium,4425,512,3913,0.7659684957590445,0.11570621468926554,0.584015690780351,0.5915063221796568,-0.007490631399305836,4270
Одежда,fold_02,text_very_long,9,1,8,0.0015579020252726328,0.1111111111111111,0.3333333333333333,0.5915063221796568,-0.2581729888463235,9
Одежда,fold_02,score_01_05,137,0,137,0.02371473082915008,0.0,,0.5915063221796568,,135
Одежда,fold_02,score_05_20,1822,5,1817,0.315388610005193,0.0027442371020856204,0.006492911857454698,0.5915063221796568,-0.5850134103222021,1759
Одежда,fold_02,score_20_50,1969,51,1918,0.340834343084646,0.02590147282884713,0.06116610747929782,0.5915063221796568,-0.530340214700359,1934
Одежда,fold_02,score_50_80,1647,457,1190,0.28509607062489184,0.2774741955069824,0.4833165319514925,0.5915063221796568,-0.10818979022816433,1615
Одежда,fold_02,score_80_95,202,151,51,0.034966245456119094,0.7475247524752475,0.7996310064842427,0.5915063221796568,0.20812468430458586,201
Одежда,fold_02,text_asymmetric,1040,123,917,0.18002423403150425,0.11826923076923077,0.5436369377086975,0.5915063221796568,-0.04786938447095934,1020
Одежда,fold_03,all,5837,675,5162,1.0,0.11564159671063903,0.5846048518693114,0.5846048518693114,0.0,5655
Одежда,fold_03,name_exact,229,26,203,0.03923248243960939,0.11353711790393013,0.47203128671626765,0.5846048518693114,-0.11257356515304379,226
Одежда,fold_03,name_near,34,6,28,0.005824910056535891,0.17647058823529413,0.577020202020202,0.5846048518693114,-0.007584649849109448,34
Одежда,fold_03,name_other,5574,643,4931,0.9549426075038547,0.11535701471115896,0.589935598974789,0.5846048518693114,0.00533074710547754,5400
Одежда,fold_03,attrs_present,5837,675,5162,1.0,0.11564159671063903,0.5846048518693114,0.5846048518693114,0.0,5655
Одежда,fold_03,brand_agree,132,49,83,0.02261435669008052,0.3712121212121212,0.6720067250944853,0.5846048518693114,0.0874018732251739,131
Одежда,fold_03,brand_conflict,248,27,221,0.04248757923590886,0.10887096774193548,0.549689415815113,0.5846048518693114,-0.034915436054198445,244
Одежда,fold_03,brand_one_missing,5457,599,4858,0.9348980640740107,0.10976727139453912,0.5793879591767015,0.5846048518693114,-0.005216892692609942,5287
Одежда,fold_03,model_agree,100,14,86,0.01713208840157615,0.14,0.6452857841380332,0.5846048518693114,0.06068093226872173,99
Одежда,fold_03,model_both_missing,53,14,39,0.009080006852835361,0.2641509433962264,0.45786203770667555,0.5846048518693114,-0.1267428141626359,53
Одежда,fold_03,model_conflict,981,128,853,0.16806578721946205,0.1304791029561672,0.6275126160243963,0.5846048518693114,0.042907764155084904,959
Одежда,fold_03,model_one_missing,4703,519,4184,0.8057221175261264,0.11035509249415267,0.5795266579011384,0.5846048518693114,-0.005078193968172995,4558
Одежда,fold_03,article_both_missing,5138,602,4536,0.8802467020729827,0.11716621253405994,0.5806940180050993,0.5846048518693114,-0.003910833864212093,4981
Одежда,fold_03,article_one_missing,699,73,626,0.1197532979270173,0.1044349070100143,0.6379090153679762,0.5846048518693114,0.053304163498664736,683
Одежда,fold_03,size_comparable_agree,1217,185,1032,0.20849751584718176,0.15201314708299096,0.6484367724568467,0.5846048518693114,0.06383192058753528,1202
Одежда,fold_03,size_comparable_mismatch,3628,347,3281,0.6215521672091828,0.09564498346196251,0.5402132191360444,0.5846048518693114,-0.04439163273326707,3531
Одежда,fold_03,size_not_comparable,992,143,849,0.16995031694363544,0.14415322580645162,0.6042024607947668,0.5846048518693114,0.019597608925455368,972
Одежда,fold_03,numeric_conflict,193,43,150,0.033064930615041975,0.22279792746113988,0.8000772417503149,0.5846048518693114,0.21547238988100348,187
Одежда,fold_03,numeric_missing,5447,587,4860,0.933184855233853,0.10776574261061135,0.5816364414404553,0.5846048518693114,-0.002968410428856094,5281
Одежда,fold_03,numeric_overlap,197,45,152,0.03375021415110502,0.22842639593908629,0.4970341486382511,0.5846048518693114,-0.08757070323106031,194
Одежда,fold_03,text_long,1319,157,1162,0.22597224601678945,0.11902956785443518,0.6045731291331252,0.5846048518693114,0.019968277263813783,1294
Одежда,fold_03,text_medium,4508,517,3991,0.772314545143053,0.11468500443655723,0.5848309548207525,0.5846048518693114,0.00022610295144109838,4367
Одежда,fold_03,text_short_both,1,0,1,0.00017132088401576153,0.0,,0.5846048518693114,,1
Одежда,fold_03,text_very_long,9,1,8,0.0015418879561418537,0.1111111111111111,0.25,0.5846048518693114,-0.33460485186931144,9
Одежда,fold_03,score_01_05,202,0,202,0.03460681857118383,0.0,,0.5846048518693114,,198
Одежда,fold_03,score_05_20,1951,9,1942,0.33424704471475075,0.0046130189646335215,0.06904837066363369,0.5846048518693114,-0.5155564812056778,1896
Одежда,fold_03,score_20_50,1793,63,1730,0.3071783450402604,0.03513664249860569,0.06849646541160169,0.5846048518693114,-0.5161083864577097,1762
Одежда,fold_03,score_50_80,1721,470,1251,0.29484324139112555,0.27309703660662404,0.47616525258366016,0.5846048518693114,-0.10843959928565128,1694
Одежда,fold_03,score_80_95,170,133,37,0.02912455028267946,0.7823529411764706,0.83495110395992,0.5846048518693114,0.25034625209060857,169
Одежда,fold_03,text_asymmetric,1069,128,941,0.18314202501284907,0.11973807296538821,0.5774471596013689,0.5846048518693114,-0.007157692267942495,1050
Одежда,fold_04,all,5797,721,5076,1.0,0.12437467655683974,0.6083261187793046,0.6083261187793046,0.0,5568
Одежда,fold_04,name_exact,242,28,214,0.04174573055028463,0.11570247933884298,0.6343885798431874,0.6083261187793046,0.02606246106388277,238
Одежда,fold_04,name_near,41,7,34,0.007072623770915991,0.17073170731707318,0.7407029478458049,0.6083261187793046,0.13237682906650028,40
Одежда,fold_04,name_other,5514,686,4828,0.9511816456787994,0.12441059122234313,0.6081965849940258,0.6083261187793046,-0.00012953378527880144,5293
Одежда,fold_04,attrs_present,5797,721,5076,1.0,0.12437467655683974,0.6083261187793046,0.6083261187793046,0.0,5568
Одежда,fold_04,brand_agree,136,59,77,0.02346041055718475,0.4338235294117647,0.7495857677282138,0.6083261187793046,0.1412596489489092,135
Одежда,fold_04,brand_conflict,215,29,186,0.037088149042608244,0.13488372093023257,0.6898664459873884,0.6083261187793046,0.0815403272080838,212
Одежда,fold_04,brand_one_missing,5446,633,4813,0.939451440400207,0.1162320969518913,0.5903528516546084,0.6083261187793046,-0.01797326712469627,5226
Одежда,fold_04,model_agree,103,20,83,0.017767810936691393,0.1941747572815534,0.8408225641379117,0.6083261187793046,0.23249644535860703,100
Одежда,fold_04,model_both_missing,51,12,39,0.008797653958944282,0.23529411764705882,0.4487399667929807,0.6083261187793046,-0.15958615198632392,51
Одежда,fold_04,model_conflict,996,161,835,0.17181300672761773,0.16164658634538154,0.6886886442834933,0.6083261187793046,0.08036252550418865,978
Одежда,fold_04,model_one_missing,4647,528,4119,0.8016215283767466,0.11362169141381537,0.5760959107367876,0.6083261187793046,-0.03223020804251708,4454
Одежда,fold_04,article_both_missing,5089,625,4464,0.877867862687597,0.12281391235999214,0.5873250706335419,0.6083261187793046,-0.021001048145762757,4874
Одежда,fold_04,article_one_missing,708,96,612,0.12213213731240297,0.13559322033898305,0.7366972094730297,0.6083261187793046,0.1283710906937251,698
Одежда,fold_04,size_comparable_agree,1131,186,945,0.19510091426599965,0.16445623342175067,0.711267093328113,0.6083261187793046,0.10294097454880835,1118
Одежда,fold_04,size_comparable_mismatch,3701,394,3307,0.6384336725892703,0.10645771413131586,0.5905610631739705,0.6083261187793046,-0.017765055605334146,3556
Одежда,fold_04,size_not_comparable,965,141,824,0.16646541314473004,0.1461139896373057,0.5271350909964378,0.6083261187793046,-0.0811910277828668,955
Одежда,fold_04,numeric_conflict,164,43,121,0.028290495083663963,0.2621951219512195,0.7758017596918554,0.6083261187793046,0.16747564091255074,162
Одежда,fold_04,numeric_missing,5411,615,4796,0.933413834742108,0.11365736462761042,0.6050103687804772,0.6083261187793046,-0.003315749998827444,5197
Одежда,fold_04,numeric_overlap,222,63,159,0.038295670174228046,0.28378378378378377,0.5642032495019386,0.6083261187793046,-0.044122869277366084,217
Одежда,fold_04,text_long,1290,158,1132,0.22252889425564948,0.12248062015503876,0.6724934161568296,0.6083261187793046,0.06416729737752491,1263
Одежда,fold_04,text_medium,4501,563,3938,0.7764360876315336,0.12508331481892912,0.5917256314452575,0.6083261187793046,-0.016600487334047176,4319
Одежда,fold_04,text_very_long,6,0,6,0.0010350181128169743,0.0,,0.6083261187793046,,6
Одежда,fold_04,score_01_05,208,0,208,0.03588062791098844,0.0,,0.6083261187793046,,206
Одежда,fold_04,score_05_20,1937,4,1933,0.3341383474210799,0.002065049044914817,0.014910457293488222,0.6083261187793046,-0.5934156614858164,1849
Одежда,fold_04,score_20_50,1834,71,1763,0.31637053648438845,0.03871319520174482,0.06520098539291504,0.6083261187793046,-0.5431251333863896,1799
Одежда,fold_04,score_50_80,1608,489,1119,0.27738485423494913,0.3041044776119403,0.5317415176326595,0.6083261187793046,-0.07658460114664511,1577
Одежда,fold_04,score_80_95,210,157,53,0.0362256339485941,0.7476190476190476,0.7998783779020859,0.6083261187793046,0.1915522591227813,209
Одежда,fold_04,text_asymmetric,1064,133,931,0.1835432120062101,0.125,0.5995613025600321,0.6083261187793046,-0.008764816219272498,1041
Галантерея и аксессуары,fold_01,all,4428,715,3713,1.0,0.1614724480578139,0.7361477362250285,0.7361477362250285,0.0,4303
Галантерея и аксессуары,fold_01,name_exact,177,13,164,0.03997289972899729,0.07344632768361582,0.7734560771891088,0.7361477362250285,0.03730834096408031,166
Галантерея и аксессуары,fold_01,name_near,218,65,153,0.04923215898825655,0.2981651376146789,0.9496729076583734,0.7361477362250285,0.21352517143334493,216
Галантерея и аксессуары,fold_01,name_other,4033,637,3396,0.9107949412827462,0.15794693776345153,0.7008187342306538,0.7361477362250285,-0.03532900199437472,3934
Галантерея и аксессуары,fold_01,attrs_one_missing,1,0,1,0.00022583559168925022,0.0,,0.7361477362250285,,1
Галантерея и аксессуары,fold_01,attrs_present,4427,715,3712,0.9997741644083108,0.16150892252089452,0.7361481342806103,0.7361477362250285,3.9805558182948175e-07,4302
Галантерея и аксессуары,fold_01,brand_agree,137,15,122,0.03093947606142728,0.10948905109489052,0.8909348254085097,0.7361477362250285,0.15478708918348116,134
Галантерея и аксессуары,fold_01,brand_conflict,394,53,341,0.08897922312556458,0.13451776649746192,0.6364365438675297,0.7361477362250285,-0.09971119235749881,383
Галантерея и аксессуары,fold_01,brand_one_missing,3897,647,3250,0.8800813008130082,0.16602514754939698,0.7400899071423794,0.7361477362250285,0.00394217091735094,3797
Галантерея и аксессуары,fold_01,model_agree,90,16,74,0.02032520325203252,0.17777777777777778,0.49027235764843524,0.7361477362250285,-0.24587537857659325,89
Галантерея и аксессуары,fold_01,model_conflict,578,50,528,0.13053297199638664,0.08650519031141868,0.6568179091747229,0.7361477362250285,-0.07932982705030556,567
Галантерея и аксессуары,fold_01,model_one_missing,3760,649,3111,0.8491418247515808,0.1726063829787234,0.7492646113306182,0.7361477362250285,0.013116875105589676,3653
Галантерея и аксессуары,fold_01,article_agree,1,1,0,0.00022583559168925022,1.0,,0.7361477362250285,,1
Галантерея и аксессуары,fold_01,article_both_missing,3595,663,2932,0.8118789521228545,0.18442280945757997,0.7416506518516072,0.7361477362250285,0.005502915626578675,3500
Галантерея и аксессуары,fold_01,article_conflict,69,3,66,0.015582655826558265,0.043478260869565216,0.8095238095238095,0.7361477362250285,0.07337607329878104,67
Галантерея и аксессуары,fold_01,article_one_missing,763,48,715,0.17231255645889793,0.06290956749672345,0.6812536740325679,0.7361477362250285,-0.054894062192460624,741
Галантерея и аксессуары,fold_01,size_comparable_agree,47,4,43,0.01061427280939476,0.0851063829787234,0.7048611111111112,0.7361477362250285,-0.03128662511391733,45
Галантерея и аксессуары,fold_01,size_comparable_mismatch,150,25,125,0.03387533875338753,0.16666666666666666,0.5861112842410792,0.7361477362250285,-0.15003645198394933,150
Галантерея и аксессуары,fold_01,size_not_comparable,4231,686,3545,0.9555103884372177,0.1621366107303238,0.7418922586446056,0.7361477362250285,0.005744522419577125,4108
Галантерея и аксессуары,fold_01,numeric_conflict,288,35,253,0.06504065040650407,0.12152777777777778,0.6288358714241387,0.7361477362250285,-0.10731186480088983,282
Галантерея и аксессуары,fold_01,numeric_missing,3728,545,3183,0.8419150858175248,0.14619098712446352,0.6778472904900462,0.7361477362250285,-0.058300445734982276,3622
Галантерея и аксессуары,fold_01,numeric_overlap,412,135,277,0.0930442637759711,0.3276699029126214,0.9267765870907783,0.7361477362250285,0.19062885086574977,408
Галантерея и аксессуары,fold_01,text_long,567,45,522,0.12804878048780488,0.07936507936507936,0.6957416542904322,0.7361477362250285,-0.04040608193459627,559
Галантерея и аксессуары,fold_01,text_medium,3766,637,3129,0.8504968383017163,0.1691449814126394,0.7373211052694331,0.7361477362250285,0.0011733690444045708,3664
Галантерея и аксессуары,fold_01,text_short_both,91,33,58,0.02055103884372177,0.3626373626373626,0.7695871977018092,0.7361477362250285,0.033439461476780674,91
Галантерея и аксессуары,fold_01,text_very_long,4,0,4,0.0009033423667570009,0.0,,0.7361477362250285,,4
Галантерея и аксессуары,fold_01,score_01_05,26,0,26,0.005871725383920506,0.0,,0.7361477362250285,,26
Галантерея и аксессуары,fold_01,score_05_20,1042,5,1037,0.23532068654019875,0.0047984644913627635,0.01807353567918379,0.7361477362250285,-0.7180742005458447,1020
Галантерея и аксессуары,fold_01,score_20_50,1646,45,1601,0.37172538392050586,0.027339003645200487,0.05910819040193047,0.7361477362250285,-0.677039545823098,1611
Галантерея и аксессуары,fold_01,score_50_80,1313,349,964,0.29652213188798554,0.26580350342726583,0.47426322124603804,0.7361477362250285,-0.26188451497899046,1303
Галантерея и аксессуары,fold_01,score_80_95,366,282,84,0.08265582655826559,0.7704918032786885,0.8933241454854413,0.7361477362250285,0.15717640926041276,363
Галантерея и аксессуары,fold_01,score_95_99,32,31,1,0.007226738934056007,0.96875,0.9881392920897017,0.7361477362250285,0.25199155586467326,32
Галантерея и аксессуары,fold_01,score_99_100,3,3,0,0.0006775067750677507,1.0,,0.7361477362250285,,3
Галантерея и аксессуары,fold_01,text_asymmetric,624,108,516,0.14092140921409213,0.17307692307692307,0.6747636374157594,0.7361477362250285,-0.061384098809269094,613
Галантерея и аксессуары,fold_02,all,4507,770,3737,1.0,0.17084535167517195,0.7513778845996302,0.7513778845996302,0.0,4360
Галантерея и аксессуары,fold_02,name_exact,165,7,158,0.03660971821610828,0.04242424242424243,0.5321768726190803,0.7513778845996302,-0.21920101198054986,155
Галантерея и аксессуары,fold_02,name_near,224,64,160,0.04970046594186821,0.2857142857142857,0.9417195310199508,0.7513778845996302,0.1903416464203206,222
Галантерея и аксессуары,fold_02,name_other,4118,699,3419,0.9136898158420235,0.1697425934919864,0.7296990760847084,0.7513778845996302,-0.021678808514921766,3997
Галантерея и аксессуары,fold_02,attrs_present,4507,770,3737,1.0,0.17084535167517195,0.7513778845996302,0.7513778845996302,0.0,4360
Галантерея и аксессуары,fold_02,brand_agree,177,23,154,0.039272243177279786,0.12994350282485875,0.7433893745692216,0.7513778845996302,-0.007988510030408569,175
Галантерея и аксессуары,fold_02,brand_conflict,451,50,401,0.10006656312402928,0.11086474501108648,0.6867276094302937,0.7513778845996302,-0.06465027516933652,435
Галантерея и аксессуары,fold_02,brand_one_missing,3879,697,3182,0.8606611936986909,0.17968548594998712,0.7570662821046488,0.7513778845996302,0.005688397505018594,3768
Галантерея и аксессуары,fold_02,model_agree,90,20,70,0.01996893720878633,0.2222222222222222,0.8226864163490897,0.7513778845996302,0.0713085317494595,90
Галантерея и аксессуары,fold_02,model_conflict,585,73,512,0.12979809185711116,0.12478632478632479,0.7251443195882584,0.7513778845996302,-0.02623356501137175,573
Галантерея и аксессуары,fold_02,model_one_missing,3832,677,3155,0.8502329709341025,0.17667014613778706,0.7540655613022268,0.7513778845996302,0.0026876767025966197,3712
Галантерея и аксессуары,fold_02,article_agree,1,0,1,0.00022187708009762592,0.0,,0.7513778845996302,,1
Галантерея и аксессуары,fold_02,article_both_missing,3671,715,2956,0.8145107610383847,0.1947698174884228,0.7523090220733649,0.7513778845996302,0.0009311374737347444,3557
Галантерея и аксессуары,fold_02,article_conflict,66,2,64,0.01464388728644331,0.030303030303030304,0.5666666666666667,0.7513778845996302,-0.18471121793296352,66
Галантерея и аксессуары,fold_02,article_one_missing,769,53,716,0.17062347459507432,0.06892067620286085,0.7503566425104923,0.7513778845996302,-0.001021242089137897,747
Галантерея и аксессуары,fold_02,size_comparable_agree,52,13,39,0.011537608165076547,0.25,0.831237841106262,0.7513778845996302,0.0798599565066318,51
Галантерея и аксессуары,fold_02,size_comparable_mismatch,132,24,108,0.02928777457288662,0.18181818181818182,0.6212917686670746,0.7513778845996302,-0.1300861159325556,129
Галантерея и аксессуары,fold_02,size_not_comparable,4323,733,3590,0.9591746172620368,0.16955817719176497,0.756072001692075,0.7513778845996302,0.004694117092444827,4182
Галантерея и аксессуары,fold_02,numeric_conflict,316,33,283,0.07011315731084979,0.10443037974683544,0.7231020372754746,0.7513778845996302,-0.028275847324155556,314
Галантерея и аксессуары,fold_02,numeric_missing,3785,620,3165,0.8398047481695141,0.16380449141347425,0.7069556888216421,0.7513778845996302,-0.044422195777988116,3669
Галантерея и аксессуары,fold_02,numeric_overlap,406,117,289,0.09008209451963613,0.2881773399014778,0.924591746751402,0.7513778845996302,0.1732138621517718,394
Галантерея и аксессуары,fold_02,text_long,572,55,517,0.12691368981584203,0.09615384615384616,0.6166796364405455,0.7513778845996302,-0.1346982481590847,565
Галантерея и аксессуары,fold_02,text_medium,3843,677,3166,0.8526736188151763,0.17616445485297944,0.7623558159540257,0.7513778845996302,0.01097793135439551,3722
Галантерея и аксессуары,fold_02,text_short_both,87,37,50,0.019303305968493455,0.42528735632183906,0.7273005355599218,0.7513778845996302,-0.024077349039708373,84
Галантерея и аксессуары,fold_02,text_very_long,5,1,4,0.0011093854004881295,0.2,0.5,0.7513778845996302,-0.2513778845996302,5
Галантерея и аксессуары,fold_02,score_01_05,15,0,15,0.0033281562014643887,0.0,,0.7513778845996302,,15
Галантерея и аксессуары,fold_02,score_05_20,1212,11,1201,0.2689150210783226,0.009075907590759076,0.01440641051509761,0.7513778845996302,-0.7369714740845326,1176
Галантерея и аксессуары,fold_02,score_20_50,1612,57,1555,0.357665853117373,0.03535980148883375,0.06530080290704667,0.7513778845996302,-0.6860770816925835,1588
Галантерея и аксессуары,fold_02,score_50_80,1268,371,897,0.28134013756378967,0.29258675078864355,0.5301921809307014,0.7513778845996302,-0.22118570366892876,1250
Галантерея и аксессуары,fold_02,score_80_95,360,291,69,0.07987574883514532,0.8083333333333333,0.8916880628738226,0.7513778845996302,0.14031017827419245,358
Галантерея и аксессуары,fold_02,score_95_99,38,38,0,0.008431329043709785,1.0,,0.7513778845996302,,38
Галантерея и аксессуары,fold_02,score_99_100,2,2,0,0.00044375416019525185,1.0,,0.7513778845996302,,2
Галантерея и аксессуары,fold_02,text_asymmetric,650,141,509,0.14422010206345684,0.2169230769230769,0.7368899902010532,0.7513778845996302,-0.014487894398577006,642
Галантерея и аксессуары,fold_03,all,4482,756,3726,1.0,0.1686746987951807,0.736946530132057,0.736946530132057,0.0,4349
Галантерея и аксессуары,fold_03,name_exact,168,12,156,0.03748326639892905,0.07142857142857142,0.6191987943826179,0.736946530132057,-0.11774773574943909,160
Галантерея и аксессуары,fold_03,name_near,209,76,133,0.04663096831771531,0.36363636363636365,0.8609842311652648,0.736946530132057,0.12403770103320777,208
Галантерея и аксессуары,fold_03,name_other,4105,668,3437,0.9158857652833556,0.16272838002436055,0.7239975656045109,0.736946530132057,-0.012948964527546125,3992
Галантерея и аксессуары,fold_03,attrs_one_missing,3,2,1,0.0006693440428380187,0.6666666666666666,1.0,0.736946530132057,0.263053469867943,3
Галантерея и аксессуары,fold_03,attrs_present,4479,754,3725,0.999330655957162,0.16834114757758428,0.7371826369379356,0.736946530132057,0.00023610680587859978,4346
Галантерея и аксессуары,fold_03,brand_agree,162,26,136,0.03614457831325301,0.16049382716049382,0.7058594876254486,0.736946530132057,-0.03108704250660843,161
Галантерея и аксессуары,fold_03,brand_conflict,377,46,331,0.08411423471664435,0.1220159151193634,0.7588543983487702,0.736946530132057,0.0219078682167132,370
Галантерея и аксессуары,fold_03,brand_one_missing,3943,684,3259,0.8797411869701026,0.17347197565305605,0.737758283061365,0.736946530132057,0.0008117529293080183,3827
Галантерея и аксессуары,fold_03,model_agree,77,12,65,0.01717983043284248,0.15584415584415584,0.6876846020497384,0.736946530132057,-0.04926192808231866,76
Галантерея и аксессуары,fold_03,model_conflict,549,59,490,0.12248995983935743,0.10746812386156648,0.7325134009319563,0.736946530132057,-0.004433129200100749,539
Галантерея и аксессуары,fold_03,model_one_missing,3856,685,3171,0.8603302097278,0.17764522821576764,0.7406732331441764,0.736946530132057,0.0037267030121194145,3740
Галантерея и аксессуары,fold_03,article_both_missing,3663,700,2963,0.8172690763052208,0.1911001911001911,0.7403234467968535,0.736946530132057,0.0033769166647964477,3558
Галантерея и аксессуары,fold_03,article_conflict,73,1,72,0.016287371709058456,0.0136986301369863,0.09090909090909091,0.736946530132057,-0.6460374392229661,72
Галантерея и аксессуары,fold_03,article_one_missing,746,55,691,0.16644355198572067,0.07372654155495978,0.7028314307869649,0.736946530132057,-0.03411509934509216,725
Галантерея и аксессуары,fold_03,size_comparable_agree,40,8,32,0.00892458723784025,0.2,0.5112108479755539,0.736946530132057,-0.22573568215650308,40
Галантерея и аксессуары,fold_03,size_comparable_mismatch,136,19,117,0.03034359660865685,0.13970588235294118,0.5468039680835637,0.736946530132057,-0.19014256204849334,134
Галантерея и аксессуары,fold_03,size_not_comparable,4306,729,3577,0.9607318161535029,0.1692986530422666,0.7428633186765158,0.736946530132057,0.005916788544458762,4177
Галантерея и аксессуары,fold_03,numeric_conflict,288,37,251,0.0642570281124498,0.1284722222222222,0.6986065099017725,0.736946530132057,-0.03834002023028449,283
Галантерея и аксессуары,fold_03,numeric_missing,3733,571,3162,0.8328871039714413,0.15296008572193945,0.6808294995977924,0.736946530132057,-0.056117030534264645,3628
Галантерея и аксессуары,fold_03,numeric_overlap,461,148,313,0.10285586791610889,0.3210412147505423,0.9003761158963002,0.736946530132057,0.16342958576424316,454
Галантерея и аксессуары,fold_03,text_long,548,58,490,0.12226684515841142,0.10583941605839416,0.6047124417924333,0.736946530132057,-0.1322340883396237,535
Галантерея и аксессуары,fold_03,text_medium,3840,664,3176,0.856760374832664,0.17291666666666666,0.7447885688621255,0.736946530132057,0.007842038730068501,3733
Галантерея и аксессуары,fold_03,text_short_both,89,34,55,0.019857206604194554,0.38202247191011235,0.8218172442071713,0.736946530132057,0.08487071407511426,87
Галантерея и аксессуары,fold_03,text_very_long,5,0,5,0.0011155734047300313,0.0,,0.736946530132057,,5
Галантерея и аксессуары,fold_03,score_01_05,44,0,44,0.009817045961624275,0.0,,0.736946530132057,,44
Галантерея и аксессуары,fold_03,score_05_20,1071,4,1067,0.2389558232931727,0.003734827264239029,0.004061672179794588,0.736946530132057,-0.7328848579522624,1042
Галантерея и аксессуары,fold_03,score_20_50,1603,42,1561,0.357652833556448,0.026200873362445413,0.06652932093601663,0.736946530132057,-0.6704172091960404,1562
Галантерея и аксессуары,fold_03,score_50_80,1289,336,953,0.28759482373940204,0.26066718386346005,0.44351512423080003,0.736946530132057,-0.293431405901257,1279
Галантерея и аксессуары,fold_03,score_80_95,425,325,100,0.09482373940205266,0.7647058823529411,0.8375144606445143,0.736946530132057,0.10056793051245727,422
Галантерея и аксессуары,fold_03,score_95_99,45,44,1,0.010040160642570281,0.9777777777777777,0.966682275873112,0.736946530132057,0.22973574574105493,45
Галантерея и аксессуары,fold_03,score_99_100,5,5,0,0.0011155734047300313,1.0,,0.736946530132057,,5
Галантерея и аксессуары,fold_03,text_asymmetric,591,112,479,0.1318607764390897,0.1895093062605753,0.7545754215524265,0.736946530132057,0.017628891420369497,577
Галантерея и аксессуары,fold_04,all,4567,774,3793,1.0,0.16947668053426757,0.7401005371038498,0.7401005371038498,0.0,4438
Галантерея и аксессуары,fold_04,name_exact,178,15,163,0.03897525728049048,0.08426966292134831,0.7540207927225471,0.7401005371038498,0.013920255618697253,173
Галантерея и аксессуары,fold_04,name_near,220,65,155,0.0481716663017298,0.29545454545454547,0.9039564263957972,0.7401005371038498,0.1638558892919474,219
Галантерея и аксессуары,fold_04,name_other,4169,694,3475,0.9128530764177797,0.16646677860398176,0.7191223401759678,0.7401005371038498,-0.020978196927882053,4058
Галантерея и аксессуары,fold_04,attrs_one_missing,1,0,1,0.0002189621195533173,0.0,,0.7401005371038498,,1
Галантерея и аксессуары,fold_04,attrs_present,4566,774,3792,0.9997810378804467,0.16951379763469118,0.7401007441806922,0.7401005371038498,2.070768423401148e-07,4437
Галантерея и аксессуары,fold_04,brand_agree,166,30,136,0.036347711845850665,0.18072289156626506,0.7520126082102938,0.7401005371038498,0.011912071106443989,162
Галантерея и аксессуары,fold_04,brand_conflict,396,55,341,0.08670899934311364,0.1388888888888889,0.7019305087731617,0.7401005371038498,-0.038170028330688166,385
Галантерея и аксессуары,fold_04,brand_one_missing,4005,689,3316,0.8769432888110357,0.17203495630461924,0.7429859972044667,0.7401005371038498,0.0028854601006168545,3901
Галантерея и аксессуары,fold_04,model_agree,88,21,67,0.01926866652069192,0.23863636363636365,0.7030974092164892,0.7401005371038498,-0.0370031278873606,88
Галантерея и аксессуары,fold_04,model_conflict,611,76,535,0.13378585504707685,0.12438625204582651,0.7682365958384614,0.7401005371038498,0.028136058734611558,600
Галантерея и аксессуары,fold_04,model_one_missing,3868,677,3191,0.8469454784322312,0.1750258531540848,0.7428883189936085,0.7401005371038498,0.0027877818897587003,3756
Галантерея и аксессуары,fold_04,article_agree,1,1,0,0.0002189621195533173,1.0,,0.7401005371038498,,1
Галантерея и аксессуары,fold_04,article_both_missing,3711,719,2992,0.8125684256623604,0.19374831581783886,0.7455996786678565,0.7401005371038498,0.00549914156400666,3615
Галантерея и аксессуары,fold_04,article_conflict,64,1,63,0.014013575651412306,0.015625,0.14285714285714285,0.7401005371038498,-0.597243394246707,63
Галантерея и аксессуары,fold_04,article_one_missing,791,53,738,0.17319903656667396,0.06700379266750948,0.6491735476393511,0.7401005371038498,-0.09092698946449873,765
Галантерея и аксессуары,fold_04,size_comparable_agree,56,11,45,0.012261878694985767,0.19642857142857142,0.7436577759158405,0.7401005371038498,0.0035572388119906595,54
Галантерея и аксессуары,fold_04,size_comparable_mismatch,149,19,130,0.03262535581344427,0.12751677852348994,0.4873044057393012,0.7401005371038498,-0.2527961313645486,147
Галантерея и аксессуары,fold_04,size_not_comparable,4362,744,3618,0.95511276549157,0.17056396148555708,0.7455975315255206,0.7401005371038498,0.005496994421670731,4238
Галантерея и аксессуары,fold_04,numeric_conflict,288,26,262,0.06306109043135538,0.09027777777777778,0.6676966861390481,0.7401005371038498,-0.07240385096480173,287
Галантерея и аксессуары,fold_04,numeric_missing,3846,620,3226,0.8421283118020583,0.16120644825793032,0.7045239110312018,0.7401005371038498,-0.035576626072648,3745
Галантерея и аксессуары,fold_04,numeric_overlap,433,128,305,0.09481059776658637,0.2956120092378753,0.8842072389746517,0.7401005371038498,0.14410670187080188,423
Галантерея и аксессуары,fold_04,text_long,581,49,532,0.12721699146047732,0.08433734939759036,0.6238169559613495,0.7401005371038498,-0.11628358114250037,567
Галантерея и аксессуары,fold_04,text_medium,3890,690,3200,0.8517626450624042,0.17737789203084833,0.7446781466469594,0.7401005371038498,0.004577609543109595,3789
Галантерея и аксессуары,fold_04,text_short_both,92,33,59,0.02014451499890519,0.358695652173913,0.7611601014145383,0.7401005371038498,0.02105956431068845,92
Галантерея и аксессуары,fold_04,text_very_long,4,2,2,0.0008758484782132691,0.5,1.0,0.7401005371038498,0.2598994628961502,4
Галантерея и аксессуары,fold_04,score_01_05,20,0,20,0.004379242391066345,0.0,,0.7401005371038498,,20
Галантерея и аксессуары,fold_04,score_05_20,1073,5,1068,0.23494635428070942,0.004659832246039142,0.03406596704667619,0.7401005371038498,-0.7060345700571736,1038
Галантерея и аксессуары,fold_04,score_20_50,1660,46,1614,0.36347711845850667,0.027710843373493974,0.04975009827781851,0.7401005371038498,-0.6903504388260313,1638
Галантерея и аксессуары,fold_04,score_50_80,1371,367,1004,0.300197065907598,0.26768781911013856,0.480439527928047,0.7401005371038498,-0.2596610091758028,1357
Галантерея и аксессуары,fold_04,score_80_95,405,318,87,0.08867965841909349,0.7851851851851852,0.8609850440975545,0.7401005371038498,0.12088450699370468,402
Галантерея и аксессуары,fold_04,score_95_99,36,36,0,0.007882636303919423,1.0,,0.7401005371038498,,36
Галантерея и аксессуары,fold_04,score_99_100,2,2,0,0.0004379242391066346,1.0,,0.7401005371038498,,2
Галантерея и аксессуары,fold_04,text_asymmetric,576,125,451,0.12612218086271076,0.2170138888888889,0.726585261876537,0.7401005371038498,-0.013515275227312773,570
Ювелирные изделия,fold_01,all,4540,578,3962,1.0,0.12731277533039648,0.6390750489255224,0.6390750489255224,0.0,3929
Ювелирные изделия,fold_01,name_exact,14,0,14,0.0030837004405286344,0.0,,0.6390750489255224,,12
Ювелирные изделия,fold_01,name_near,62,8,54,0.013656387665198238,0.12903225806451613,0.8872222222222222,0.6390750489255224,0.24814717329669989,60
Ювелирные изделия,fold_01,name_other,4464,570,3894,0.9832599118942731,0.12768817204301075,0.6335814475246169,0.6390750489255224,-0.00549360140090549,3869
Ювелирные изделия,fold_01,attrs_one_missing,1,0,1,0.00022026431718061675,0.0,,0.6390750489255224,,1
Ювелирные изделия,fold_01,attrs_present,4539,578,3961,0.9997797356828194,0.12734082397003746,0.6397550921876723,0.6390750489255224,0.0006800432621499874,3928
Ювелирные изделия,fold_01,brand_agree,490,131,359,0.10792951541850221,0.2673469387755102,0.7288836624594972,0.6390750489255224,0.08980861353397485,455
Ювелирные изделия,fold_01,brand_conflict,427,73,354,0.09405286343612335,0.17096018735362997,0.690449363527833,0.6390750489255224,0.05137431460231068,394
Ювелирные изделия,fold_01,brand_one_missing,3623,374,3249,0.7980176211453744,0.1032293679271322,0.5886794959098681,0.6390750489255224,-0.05039555301565424,3137
Ювелирные изделия,fold_01,model_agree,301,63,238,0.06629955947136563,0.20930232558139536,0.5357948096801202,0.6390750489255224,-0.1032802392454022,259
Ювелирные изделия,fold_01,model_both_missing,166,27,139,0.03656387665198238,0.16265060240963855,0.6893541702714027,0.6390750489255224,0.05027912134588031,157
Ювелирные изделия,fold_01,model_conflict,1169,242,927,0.25748898678414095,0.20701454234388367,0.704015556170623,0.6390750489255224,0.06494050724510059,1067
Ювелирные изделия,fold_01,model_one_missing,2904,246,2658,0.639647577092511,0.08471074380165289,0.5942167342005296,0.6390750489255224,-0.0448583147249928,2539
Ювелирные изделия,fold_01,article_agree,60,37,23,0.013215859030837005,0.6166666666666667,0.9489217318708294,0.6390750489255224,0.30984668294530704,60
Ювелирные изделия,fold_01,article_conflict,1255,225,1030,0.276431718061674,0.17928286852589642,0.6722900297938553,0.6390750489255224,0.033214980868332966,1133
Ювелирные изделия,fold_01,article_one_missing,3225,316,2909,0.710352422907489,0.09798449612403101,0.5528333791359412,0.6390750489255224,-0.08624166978958114,2796
Ювелирные изделия,fold_01,size_comparable_agree,330,75,255,0.07268722466960352,0.22727272727272727,0.8795633359570494,0.6390750489255224,0.24048828703152703,319
Ювелирные изделия,fold_01,size_comparable_mismatch,1720,285,1435,0.3788546255506608,0.16569767441860464,0.5465131863860837,0.6390750489255224,-0.09256186253943866,1521
Ювелирные изделия,fold_01,size_not_comparable,2490,218,2272,0.5484581497797357,0.08755020080321285,0.6484062255737585,0.6390750489255224,0.009331176648236128,2196
Ювелирные изделия,fold_01,numeric_conflict,841,161,680,0.18524229074889867,0.19143876337693222,0.7089184708422124,0.6390750489255224,0.06984342191669002,780
Ювелирные изделия,fold_01,numeric_missing,1382,148,1234,0.30440528634361236,0.10709117221418235,0.6657685042845052,0.6390750489255224,0.02669345535898282,1216
Ювелирные изделия,fold_01,numeric_overlap,2317,269,2048,0.510352422907489,0.11609840310746655,0.5864591450493553,0.6390750489255224,-0.0526159038761671,2029
Ювелирные изделия,fold_01,text_long,2888,357,2531,0.6361233480176212,0.12361495844875346,0.613306370072209,0.6390750489255224,-0.025768678853313354,2534
Ювелирные изделия,fold_01,text_medium,1100,152,948,0.2422907488986784,0.13818181818181818,0.6716298174374068,0.6390750489255224,0.032554768511884435,996
Ювелирные изделия,fold_01,text_very_long,552,69,483,0.12158590308370044,0.125,0.7117528700876016,0.6390750489255224,0.07267782116207921,491
Ювелирные изделия,fold_01,score_01_05,46,0,46,0.01013215859030837,0.0,,0.6390750489255224,,45
Ювелирные изделия,fold_01,score_05_20,1132,7,1125,0.24933920704845816,0.006183745583038869,0.028022764760954416,0.6390750489255224,-0.6110522841645679,1024
Ювелирные изделия,fold_01,score_20_50,1783,52,1731,0.39273127753303966,0.029164329781267526,0.04835334401808486,0.6390750489255224,-0.5907217049074375,1628
Ювелирные изделия,fold_01,score_50_80,1421,392,1029,0.3129955947136564,0.27586206896551724,0.5407866986240087,0.6390750489255224,-0.09828835030151362,1294
Ювелирные изделия,fold_01,score_80_95,139,108,31,0.030616740088105728,0.7769784172661871,0.9018535947786473,0.6390750489255224,0.262778545853125,139
Ювелирные изделия,fold_01,score_95_99,15,15,0,0.003303964757709251,1.0,,0.6390750489255224,,15
Ювелирные изделия,fold_01,score_99_100,4,4,0,0.000881057268722467,1.0,,0.6390750489255224,,4
Ювелирные изделия,fold_01,text_asymmetric,1770,169,1601,0.3898678414096916,0.09548022598870057,0.6033150327739728,0.6390750489255224,-0.035760016151549556,1569
Ювелирные изделия,fold_02,all,4824,586,4238,1.0,0.1214759535655058,0.587881977930299,0.587881977930299,0.0,4136
Ювелирные изделия,fold_02,name_exact,7,0,7,0.001451077943615257,0.0,,0.587881977930299,,7
Ювелирные изделия,fold_02,name_near,81,8,73,0.016791044776119403,0.09876543209876543,0.8250595238095239,0.587881977930299,0.2371775458792249,77
Ювелирные изделия,fold_02,name_other,4736,578,4158,0.9817578772802653,0.12204391891891891,0.5833551660960048,0.587881977930299,-0.004526811834294153,4060
Ювелирные изделия,fold_02,attrs_present,4824,586,4238,1.0,0.1214759535655058,0.587881977930299,0.587881977930299,0.0,4136
Ювелирные изделия,fold_02,brand_agree,609,157,452,0.12624378109452736,0.25779967159277506,0.6977487069944532,0.587881977930299,0.10986672906415429,551
Ювелирные изделия,fold_02,brand_conflict,415,55,360,0.08602819237147595,0.13253012048192772,0.6695131894464699,0.587881977930299,0.08163121151617092,397
Ювелирные изделия,fold_02,brand_one_missing,3800,374,3426,0.7877280265339967,0.09842105263157895,0.5222410603005737,0.587881977930299,-0.06564091762972524,3253
Ювелирные изделия,fold_02,model_agree,314,62,252,0.06509121061359867,0.19745222929936307,0.5432543049246009,0.587881977930299,-0.04462767300569803,268
Ювелирные изделия,fold_02,model_both_missing,200,21,179,0.04145936981757877,0.105,0.6049769558249828,0.587881977930299,0.017094977894683838,174
Ювелирные изделия,fold_02,model_conflict,1273,239,1034,0.2638888888888889,0.18774548311076197,0.6662007181877432,0.587881977930299,0.07831874025744423,1163
Ювелирные изделия,fold_02,model_one_missing,3037,264,2773,0.6295605306799337,0.08692788936450445,0.5238364753521283,0.587881977930299,-0.06404550257817065,2633
Ювелирные изделия,fold_02,article_agree,60,36,24,0.012437810945273632,0.6,0.9635799430964711,0.587881977930299,0.37569796516617215,59
Ювелирные изделия,fold_02,article_conflict,1399,236,1163,0.29000829187396354,0.16869192280200143,0.6131667034338459,0.587881977930299,0.02528472550354699,1282
Ювелирные изделия,fold_02,article_one_missing,3365,314,3051,0.6975538971807629,0.09331352154531947,0.4897834220394929,0.587881977930299,-0.09809855589080607,2881
Ювелирные изделия,fold_02,size_comparable_agree,314,74,240,0.06509121061359867,0.2356687898089172,0.8436823871200146,0.587881977930299,0.2558004091897157,299
Ювелирные изделия,fold_02,size_comparable_mismatch,1817,315,1502,0.37665837479270314,0.17336268574573474,0.5237204077037463,0.587881977930299,-0.06416157022655267,1581
Ювелирные изделия,fold_02,size_not_comparable,2693,197,2496,0.5582504145936982,0.07315261789825474,0.5403206479910575,0.587881977930299,-0.04756132993924145,2357
Ювелирные изделия,fold_02,numeric_conflict,901,179,722,0.18677446102819237,0.19866814650388456,0.5413141026331887,0.587881977930299,-0.04656787529711026,840
Ювелирные изделия,fold_02,numeric_missing,1497,129,1368,0.31032338308457713,0.08617234468937876,0.5350347405430106,0.587881977930299,-0.05284723738728836,1312
Ювелирные изделия,fold_02,numeric_overlap,2426,278,2148,0.5029021558872305,0.1145919208573784,0.6346847171233968,0.587881977930299,0.04680273919309785,2098
Ювелирные изделия,fold_02,text_long,3097,356,2741,0.6419983416252073,0.11494995156603165,0.5740714786400619,0.587881977930299,-0.013810499290237033,2712
Ювелирные изделия,fold_02,text_medium,1170,162,1008,0.24253731343283583,0.13846153846153847,0.6175978690974752,0.587881977930299,0.02971589116717621,1019
Ювелирные изделия,fold_02,text_short_both,1,0,1,0.00020729684908789387,0.0,,0.587881977930299,,1
Ювелирные изделия,fold_02,text_very_long,556,68,488,0.11525704809286899,0.1223021582733813,0.6126515476879546,0.587881977930299,0.02476956975765565,495
Ювелирные изделия,fold_02,score_01_05,34,0,34,0.007048092868988391,0.0,,0.587881977930299,,33
Ювелирные изделия,fold_02,score_05_20,1311,8,1303,0.27176616915422885,0.006102212051868803,0.0263830993396702,0.587881977930299,-0.5614988785906287,1195
Ювелирные изделия,fold_02,score_20_50,1820,54,1766,0.37728026533996684,0.02967032967032967,0.06077769167437838,0.587881977930299,-0.5271042862559205,1646
Ювелирные изделия,fold_02,score_50_80,1469,383,1086,0.3045190713101161,0.2607215793056501,0.43902424223722547,0.587881977930299,-0.14885773569307348,1356
Ювелирные изделия,fold_02,score_80_95,166,117,49,0.034411276948590384,0.7048192771084337,0.856765980211625,0.587881977930299,0.26888400228132603,163
Ювелирные изделия,fold_02,score_95_99,21,21,0,0.004353233830845771,1.0,,0.587881977930299,,20
Ювелирные изделия,fold_02,score_99_100,3,3,0,0.0006218905472636816,1.0,,0.587881977930299,,3
Ювелирные изделия,fold_02,text_asymmetric,1836,156,1680,0.3805970149253731,0.08496732026143791,0.5148309541092906,0.587881977930299,-0.07305102382100837,1628
Ювелирные изделия,fold_03,all,4666,586,4080,1.0,0.12558936990998715,0.6351403327602787,0.6351403327602787,0.0,3987
Ювелирные изделия,fold_03,name_exact,7,0,7,0.0015002143163309043,0.0,,0.6351403327602787,,7
Ювелирные изделия,fold_03,name_near,93,9,84,0.019931418774110587,0.0967741935483871,0.6574571262071263,0.6351403327602787,0.02231679344684756,85
Ювелирные изделия,fold_03,name_other,4566,577,3989,0.9785683669095585,0.1263688129653964,0.6339655344180523,0.6351403327602787,-0.0011747983422264463,3910
Ювелирные изделия,fold_03,attrs_present,4666,586,4080,1.0,0.12558936990998715,0.6351403327602787,0.6351403327602787,0.0,3987
Ювелирные изделия,fold_03,brand_agree,547,155,392,0.11723103300471496,0.283363802559415,0.7319291108816749,0.6351403327602787,0.09678877812139619,507
Ювелирные изделия,fold_03,brand_conflict,398,67,331,0.08529789969995713,0.16834170854271358,0.7083768492669924,0.6351403327602787,0.0732365165067137,376
Ювелирные изделия,fold_03,brand_one_missing,3721,364,3357,0.7974710672953279,0.09782316581564096,0.57677847179824,0.6351403327602787,-0.05836186096203866,3149
Ювелирные изделия,fold_03,model_agree,312,71,241,0.06686669524217745,0.22756410256410256,0.6241839804668095,0.6351403327602787,-0.010956352293469251,272
Ювелирные изделия,fold_03,model_both_missing,152,12,140,0.03257608229747107,0.07894736842105263,0.6010505210983097,0.6351403327602787,-0.034089811661969005,138
Ювелирные изделия,fold_03,model_conflict,1195,253,942,0.2561080154307758,0.21171548117154812,0.7146305496105647,0.6351403327602787,0.07949021685028601,1099
Ювелирные изделия,fold_03,model_one_missing,3007,250,2757,0.6444492070295756,0.08313934153641503,0.5549566467600731,0.6351403327602787,-0.08018368600020565,2565
Ювелирные изделия,fold_03,article_agree,58,37,21,0.012430347192456065,0.6379310344827587,0.9877640533989209,0.6351403327602787,0.3526237206386422,57
Ювелирные изделия,fold_03,article_conflict,1319,255,1064,0.28268324046292326,0.19332827899924185,0.6751102908618798,0.6351403327602787,0.03996995810160109,1200
Ювелирные изделия,fold_03,article_one_missing,3289,294,2995,0.7048864123446207,0.08938887199756765,0.5157516165394463,0.6351403327602787,-0.11938871622083236,2794
Ювелирные изделия,fold_03,size_comparable_agree,310,87,223,0.06643806258036862,0.2806451612903226,0.8943138166204939,0.6351403327602787,0.2591734838602152,299
Ювелирные изделия,fold_03,size_comparable_mismatch,1763,306,1457,0.3778396913844835,0.1735677821894498,0.5520904148157836,0.6351403327602787,-0.08304991794449512,1534
Ювелирные изделия,fold_03,size_not_comparable,2593,193,2400,0.5557222460351479,0.07443116081758581,0.5971849127078899,0.6351403327602787,-0.03795542005238883,2244
Ювелирные изделия,fold_03,numeric_conflict,815,179,636,0.17466780968709816,0.2196319018404908,0.6307413152704558,0.6351403327602787,-0.004399017489822854,747
Ювелирные изделия,fold_03,numeric_missing,1443,118,1325,0.30925846549507074,0.08177408177408177,0.565847515645614,0.6351403327602787,-0.06929281711466473,1244
Ювелирные изделия,fold_03,numeric_overlap,2408,289,2119,0.5160737248178311,0.12001661129568106,0.6675217307404844,0.6351403327602787,0.03238139798020567,2082
Ювелирные изделия,fold_03,text_long,2958,373,2585,0.6339477068152594,0.12609871534820824,0.6355149054414907,0.6351403327602787,0.00037457268121199316,2605
Ювелирные изделия,fold_03,text_medium,1097,140,957,0.23510501500214318,0.1276207839562443,0.6361494152539666,0.6351403327602787,0.0010090824936879184,982
Ювелирные изделия,fold_03,text_very_long,611,73,538,0.13094727818259752,0.11947626841243862,0.6447899937691303,0.6351403327602787,0.009649661008851562,514
Ювелирные изделия,fold_03,score_01_05,32,0,32,0.006858122588941277,0.0,,0.6351403327602787,,30
Ювелирные изделия,fold_03,score_05_20,1074,3,1071,0.23017573939134162,0.002793296089385475,0.008307624130904075,0.6351403327602787,-0.6268327086293747,972
Ювелирные изделия,fold_03,score_20_50,1861,43,1818,0.39884269181311616,0.0231058570660935,0.03716297961261231,0.6351403327602787,-0.5979773531476664,1664
Ювелирные изделия,fold_03,score_50_80,1516,395,1121,0.324903557651093,0.2605540897097625,0.47078176994085064,0.6351403327602787,-0.16435856281942807,1403
Ювелирные изделия,fold_03,score_80_95,164,126,38,0.035147878268324044,0.7682926829268293,0.8875785483420915,0.6351403327602787,0.2524382155818128,161
Ювелирные изделия,fold_03,score_95_99,17,17,0,0.0036433776253750536,1.0,,0.6351403327602787,,17
Ювелирные изделия,fold_03,score_99_100,2,2,0,0.0004286326618088298,1.0,,0.6351403327602787,,2
Ювелирные изделия,fold_03,text_asymmetric,1876,157,1719,0.4020574367766824,0.08368869936034115,0.5351950836995031,0.6351403327602787,-0.09994524906077562,1598
Ювелирные изделия,fold_04,all,4665,567,4098,1.0,0.12154340836012861,0.6067626481236219,0.6067626481236219,0.0,4014
Ювелирные изделия,fold_04,name_exact,15,0,15,0.003215434083601286,0.0,,0.6067626481236219,,13
Ювелирные изделия,fold_04,name_near,87,5,82,0.01864951768488746,0.05747126436781609,0.5722222222222222,0.6067626481236219,-0.03454042590139972,81
Ювелирные изделия,fold_04,name_other,4563,562,4001,0.9781350482315112,0.12316458470304624,0.6084855208970886,0.6067626481236219,0.0017228727734667215,3937
Ювелирные изделия,fold_04,attrs_present,4665,567,4098,1.0,0.12154340836012861,0.6067626481236219,0.6067626481236219,0.0,4014
Ювелирные изделия,fold_04,brand_agree,524,121,403,0.11232583065380493,0.23091603053435114,0.6789977457006326,0.6067626481236219,0.07223509757701074,486
Ювелирные изделия,fold_04,brand_conflict,398,66,332,0.08531618435155412,0.1658291457286432,0.6600602206075037,0.6067626481236219,0.05329757248388178,378
Ювелирные изделия,fold_04,brand_one_missing,3743,380,3363,0.802357984994641,0.10152284263959391,0.5660276549661316,0.6067626481236219,-0.040734993157490296,3191
Ювелирные изделия,fold_04,model_agree,278,68,210,0.05959271168274384,0.2446043165467626,0.5674905900227248,0.6067626481236219,-0.03927205810089707,248
Ювелирные изделия,fold_04,model_both_missing,174,23,151,0.03729903536977492,0.13218390804597702,0.5785922570850746,0.6067626481236219,-0.02817039103854735,165
Ювелирные изделия,fold_04,model_conflict,1180,217,963,0.2529474812433012,0.18389830508474575,0.6733918267368766,0.6067626481236219,0.06662917861325468,1085
Ювелирные изделия,fold_04,model_one_missing,3033,259,2774,0.6501607717041801,0.08539399934058688,0.5584843863268687,0.6067626481236219,-0.04827826179675321,2580
Ювелирные изделия,fold_04,article_agree,61,34,27,0.01307609860664523,0.5573770491803278,0.9617518360007794,0.6067626481236219,0.3549891878771575,61
Ювелирные изделия,fold_04,article_conflict,1230,200,1030,0.26366559485530544,0.16260162601626016,0.6264858355332724,0.6067626481236219,0.01972318740965051,1135
Ювелирные изделия,fold_04,article_one_missing,3374,333,3041,0.7232583065380493,0.0986959098992294,0.5216637086667597,0.6067626481236219,-0.0850989394568622,2865
Ювелирные изделия,fold_04,size_comparable_agree,290,81,209,0.06216505894962487,0.2793103448275862,0.842899502387978,0.6067626481236219,0.23613685426435604,280
Ювелирные изделия,fold_04,size_comparable_mismatch,1687,283,1404,0.3616291532690247,0.16775340841730882,0.4901021893934912,0.6067626481236219,-0.1166604587301307,1505
Ювелирные изделия,fold_04,size_not_comparable,2688,203,2485,0.5762057877813505,0.07552083333333333,0.6160065102828541,0.6067626481236219,0.00924386215923223,2308
Ювелирные изделия,fold_04,numeric_conflict,817,147,670,0.17513397642015005,0.1799265605875153,0.5674925906305689,0.6067626481236219,-0.03927005749305301,760
Ювелирные изделия,fold_04,numeric_missing,1503,150,1353,0.3221864951768489,0.0998003992015968,0.660181288966745,0.6067626481236219,0.05341864084312309,1287
Ювелирные изделия,fold_04,numeric_overlap,2345,270,2075,0.5026795284030011,0.11513859275053305,0.6021758387603805,0.6067626481236219,-0.004586809363241406,2052
Ювелирные изделия,fold_04,text_long,2987,334,2653,0.6403001071811362,0.11181787746903248,0.6030143333985236,0.6067626481236219,-0.0037483147250982896,2581
Ювелирные изделия,fold_04,text_medium,1077,150,927,0.23086816720257236,0.1392757660167131,0.6183778933345649,0.6067626481236219,0.011615245210943037,987
Ювелирные изделия,fold_04,text_very_long,601,83,518,0.12883172561629153,0.13810316139767054,0.6195584325345784,0.6067626481236219,0.012795784410956523,535
Ювелирные изделия,fold_04,score_01_05,35,1,34,0.007502679528403001,0.02857142857142857,0.06666666666666667,0.6067626481236219,-0.5400959814569553,33
Ювелирные изделия,fold_04,score_05_20,1038,1,1037,0.222508038585209,0.0009633911368015414,0.002898550724637681,0.6067626481236219,-0.6038640973989843,928
Ювелирные изделия,fold_04,score_20_50,1978,43,1935,0.4240085744908896,0.021739130434782608,0.0625376520646015,0.6067626481236219,-0.5442249960590204,1760
Ювелирные изделия,fold_04,score_50_80,1424,383,1041,0.3052518756698821,0.26896067415730335,0.4917768147582232,0.6067626481236219,-0.11498583336539869,1337
Ювелирные изделия,fold_04,score_80_95,173,122,51,0.03708467309753483,0.7052023121387283,0.7946077644145255,0.6067626481236219,0.1878451162909036,173
Ювелирные изделия,fold_04,score_95_99,16,16,0,0.0034297963558413717,1.0,,0.6067626481236219,,16
Ювелирные изделия,fold_04,score_99_100,1,1,0,0.00021436227224008573,1.0,,0.6067626481236219,,1
Ювелирные изделия,fold_04,text_asymmetric,1959,167,1792,0.419935691318328,0.0852475752935171,0.5063142118023972,0.6067626481236219,-0.10044843632122469,1667
