fold,mode,category,slice,rows,ap
fold_01,prefix,Автотовары,all,4786,0.7066092239584855
fold_01,prefix,Автотовары,any_trunc,409,0.693330987659196
fold_01,prefix,Аптека,all,4621,0.8644463975408592
fold_01,prefix,Аптека,any_trunc,2067,0.8001385548386918
fold_01,prefix,Бытовая техника,all,4467,0.8451714493297048
fold_01,prefix,Бытовая техника,any_trunc,1440,0.8315646798357694
fold_01,prefix,Бытовая химия,all,4337,0.8942064846716112
fold_01,prefix,Бытовая химия,any_trunc,123,0.8716693954672413
fold_01,prefix,Галантерея и аксессуары,all,4428,0.7123522991937812
fold_01,prefix,Галантерея и аксессуары,any_trunc,137,0.8927968272329174
fold_01,prefix,Детские товары,all,4430,0.9131612946113253
fold_01,prefix,Детские товары,any_trunc,75,0.44638036947358983
fold_01,prefix,Дом и сад,all,4573,0.8368405135555566
fold_01,prefix,Дом и сад,any_trunc,298,0.659736764729067
fold_01,prefix,Канцелярские товары,all,4381,0.7972173409436215
fold_01,prefix,Канцелярские товары,any_trunc,18,1.0
fold_01,prefix,Красота и гигиена,all,4295,0.8268732632314318
fold_01,prefix,Красота и гигиена,any_trunc,739,0.8701070890131447
fold_01,prefix,Мебель,all,4583,0.7468663232246865
fold_01,prefix,Мебель,any_trunc,1658,0.6970950613170146
fold_01,prefix,Музыкальные инструменты,all,4436,0.8578904919764538
fold_01,prefix,Музыкальные инструменты,any_trunc,44,0.675
fold_01,prefix,Обувь,all,4482,0.5655826952216056
fold_01,prefix,Обувь,any_trunc,133,0.640103288288772
fold_01,prefix,Одежда,all,5946,0.5816784715760444
fold_01,prefix,Одежда,any_trunc,119,0.5866403987571036
fold_01,prefix,Продукты питания,all,4549,0.8810207037420923
fold_01,prefix,Продукты питания,any_trunc,905,0.9014017259197437
fold_01,prefix,Спорт и отдых,all,4319,0.7322623231620271
fold_01,prefix,Спорт и отдых,any_trunc,279,0.7597579750368374
fold_01,prefix,Строительство и ремонт,all,4559,0.7973152106859648
fold_01,prefix,Строительство и ремонт,any_trunc,647,0.8124231142660503
fold_01,prefix,Товары для животных,all,4560,0.9059359791224196
fold_01,prefix,Товары для животных,any_trunc,1051,0.9304915281317208
fold_01,prefix,Хобби и творчество,all,4339,0.9227236235012323
fold_01,prefix,Хобби и творчество,any_trunc,71,0.5645483971524746
fold_01,prefix,Электроника,all,4526,0.767846653574429
fold_01,prefix,Электроника,any_trunc,1528,0.7779518322457685
fold_01,prefix,Ювелирные изделия,all,4540,0.6110770932062687
fold_01,prefix,Ювелирные изделия,any_trunc,360,0.6440181510532055
fold_01,headtail,Автотовары,all,4786,0.7070689916252799
fold_01,headtail,Автотовары,any_trunc,409,0.6973337794397416
fold_01,headtail,Аптека,all,4621,0.8641054702544715
fold_01,headtail,Аптека,any_trunc,2067,0.7885548586514657
fold_01,headtail,Бытовая техника,all,4467,0.8482491881353058
fold_01,headtail,Бытовая техника,any_trunc,1440,0.8433052265063318
fold_01,headtail,Бытовая химия,all,4337,0.8946840578998466
fold_01,headtail,Бытовая химия,any_trunc,123,0.8653455654342499
fold_01,headtail,Галантерея и аксессуары,all,4428,0.7119257880503472
fold_01,headtail,Галантерея и аксессуары,any_trunc,137,0.8911139455782313
fold_01,headtail,Детские товары,all,4430,0.913863442550267
fold_01,headtail,Детские товары,any_trunc,75,0.39054546549802716
fold_01,headtail,Дом и сад,all,4573,0.8340557506232211
fold_01,headtail,Дом и сад,any_trunc,298,0.6144423343735156
fold_01,headtail,Канцелярские товары,all,4381,0.7967648374415315
fold_01,headtail,Канцелярские товары,any_trunc,18,1.0
fold_01,headtail,Красота и гигиена,all,4295,0.8260485447191872
fold_01,headtail,Красота и гигиена,any_trunc,739,0.8646471174044583
fold_01,headtail,Мебель,all,4583,0.7472958727499117
fold_01,headtail,Мебель,any_trunc,1658,0.7024320360349219
fold_01,headtail,Музыкальные инструменты,all,4436,0.858647069451582
fold_01,headtail,Музыкальные инструменты,any_trunc,44,0.7644230769230769
fold_01,headtail,Обувь,all,4482,0.5628844720968837
fold_01,headtail,Обувь,any_trunc,133,0.619086888178799
fold_01,headtail,Одежда,all,5946,0.5814380432709523
fold_01,headtail,Одежда,any_trunc,119,0.6676360528191192
fold_01,headtail,Продукты питания,all,4549,0.8811844200493786
fold_01,headtail,Продукты питания,any_trunc,905,0.9064346930364122
fold_01,headtail,Спорт и отдых,all,4319,0.7316805571406112
fold_01,headtail,Спорт и отдых,any_trunc,279,0.7412541706075421
fold_01,headtail,Строительство и ремонт,all,4559,0.79643609180639
fold_01,headtail,Строительство и ремонт,any_trunc,647,0.8137442720212125
fold_01,headtail,Товары для животных,all,4560,0.9053125420995485
fold_01,headtail,Товары для животных,any_trunc,1051,0.9235242413347151
fold_01,headtail,Хобби и творчество,all,4339,0.9236469387052012
fold_01,headtail,Хобби и творчество,any_trunc,71,0.5450093737688834
fold_01,headtail,Электроника,all,4526,0.7707634909446213
fold_01,headtail,Электроника,any_trunc,1528,0.7868803989269628
fold_01,headtail,Ювелирные изделия,all,4540,0.6110599130184597
fold_01,headtail,Ювелирные изделия,any_trunc,360,0.6594892873290196
fold_01,middle,Автотовары,all,4786,0.69260789235624
fold_01,middle,Автотовары,any_trunc,409,0.5202648429249077
fold_01,middle,Аптека,all,4621,0.8611956629809401
fold_01,middle,Аптека,any_trunc,2067,0.7797867580447674
fold_01,middle,Бытовая техника,all,4467,0.8200677337800635
fold_01,middle,Бытовая техника,any_trunc,1440,0.7279152284835245
fold_01,middle,Бытовая химия,all,4337,0.8917232955558339
fold_01,middle,Бытовая химия,any_trunc,123,0.8362656727129114
fold_01,middle,Галантерея и аксессуары,all,4428,0.7110602096651665
fold_01,middle,Галантерея и аксессуары,any_trunc,137,0.8133043392356525
fold_01,middle,Детские товары,all,4430,0.9143933258872232
fold_01,middle,Детские товары,any_trunc,75,0.47244422244422246
fold_01,middle,Дом и сад,all,4573,0.8334140096515007
fold_01,middle,Дом и сад,any_trunc,298,0.6263947685967404
fold_01,middle,Канцелярские товары,all,4381,0.797322925397106
fold_01,middle,Канцелярские товары,any_trunc,18,1.0
fold_01,middle,Красота и гигиена,all,4295,0.8099246956041958
fold_01,middle,Красота и гигиена,any_trunc,739,0.7785993939799698
fold_01,middle,Мебель,all,4583,0.7132430628133284
fold_01,middle,Мебель,any_trunc,1658,0.5798027796807158
fold_01,middle,Музыкальные инструменты,all,4436,0.8570706256627718
fold_01,middle,Музыкальные инструменты,any_trunc,44,0.4583333333333333
fold_01,middle,Обувь,all,4482,0.5623826705256846
fold_01,middle,Обувь,any_trunc,133,0.692205628540215
fold_01,middle,Одежда,all,5946,0.5760920498463946
fold_01,middle,Одежда,any_trunc,119,0.5821652927391487
fold_01,middle,Продукты питания,all,4549,0.8612924114482928
fold_01,middle,Продукты питания,any_trunc,905,0.7972502201929194
fold_01,middle,Спорт и отдых,all,4319,0.7217068536002837
fold_01,middle,Спорт и отдых,any_trunc,279,0.5486180195432968
fold_01,middle,Строительство и ремонт,all,4559,0.7880430440169971
fold_01,middle,Строительство и ремонт,any_trunc,647,0.7534865304890573
fold_01,middle,Товары для животных,all,4560,0.8932352370885059
fold_01,middle,Товары для животных,any_trunc,1051,0.8803058960218011
fold_01,middle,Хобби и творчество,all,4339,0.9216641484484722
fold_01,middle,Хобби и творчество,any_trunc,71,0.5681567142669137
fold_01,middle,Электроника,all,4526,0.7170682288427979
fold_01,middle,Электроника,any_trunc,1528,0.5645250127539413
fold_01,middle,Ювелирные изделия,all,4540,0.6101877525549048
fold_01,middle,Ювелирные изделия,any_trunc,360,0.6120561756539262
fold_02,prefix,Автотовары,all,4660,0.7340788313188309
fold_02,prefix,Автотовары,any_trunc,439,0.7340837335988895
fold_02,prefix,Аптека,all,4520,0.8717783008064591
fold_02,prefix,Аптека,any_trunc,1931,0.7378449057877821
fold_02,prefix,Бытовая техника,all,4350,0.8556628578296884
fold_02,prefix,Бытовая техника,any_trunc,1385,0.859468448630833
fold_02,prefix,Бытовая химия,all,4400,0.9094554992858244
fold_02,prefix,Бытовая химия,any_trunc,97,0.8809637572155917
fold_02,prefix,Галантерея и аксессуары,all,4507,0.7253507511306194
fold_02,prefix,Галантерея и аксессуары,any_trunc,124,0.3961545000943735
fold_02,prefix,Детские товары,all,4432,0.9157388353245007
fold_02,prefix,Детские товары,any_trunc,71,0.5638271694192747
fold_02,prefix,Дом и сад,all,4436,0.8452573377417837
fold_02,prefix,Дом и сад,any_trunc,257,0.5813343629910035
fold_02,prefix,Канцелярские товары,all,4361,0.8328583533363456
fold_02,prefix,Канцелярские товары,any_trunc,24,0.9428571428571428
fold_02,prefix,Красота и гигиена,all,4224,0.8264090215458781
fold_02,prefix,Красота и гигиена,any_trunc,724,0.8869286127130686
fold_02,prefix,Мебель,all,4565,0.7642832827636965
fold_02,prefix,Мебель,any_trunc,1641,0.7385182040481685
fold_02,prefix,Музыкальные инструменты,all,4375,0.8553472895682793
fold_02,prefix,Музыкальные инструменты,any_trunc,50,0.680969387755102
fold_02,prefix,Обувь,all,4622,0.555446429696249
fold_02,prefix,Обувь,any_trunc,115,0.490944068471067
fold_02,prefix,Одежда,all,5777,0.5694726375017294
fold_02,prefix,Одежда,any_trunc,148,0.47093877977553156
fold_02,prefix,Продукты питания,all,4581,0.891530573068124
fold_02,prefix,Продукты питания,any_trunc,915,0.9027038426742189
fold_02,prefix,Спорт и отдых,all,4417,0.7527535366492024
fold_02,prefix,Спорт и отдых,any_trunc,274,0.7386448053655172
fold_02,prefix,Строительство и ремонт,all,4495,0.8244316793987
fold_02,prefix,Строительство и ремонт,any_trunc,637,0.8510311147648327
fold_02,prefix,Товары для животных,all,4534,0.9072579018430909
fold_02,prefix,Товары для животных,any_trunc,1005,0.9275444063183006
fold_02,prefix,Хобби и творчество,all,4488,0.9379586595252737
fold_02,prefix,Хобби и творчество,any_trunc,84,0.6782496833936826
fold_02,prefix,Электроника,all,4906,0.7784527172388116
fold_02,prefix,Электроника,any_trunc,1644,0.749395028629996
fold_02,prefix,Ювелирные изделия,all,4824,0.5642454745691001
fold_02,prefix,Ювелирные изделия,any_trunc,413,0.5854759038080728
fold_02,headtail,Автотовары,all,4660,0.7335424632264105
fold_02,headtail,Автотовары,any_trunc,439,0.735937935543136
fold_02,headtail,Аптека,all,4520,0.8719634374333721
fold_02,headtail,Аптека,any_trunc,1931,0.7395226413690243
fold_02,headtail,Бытовая техника,all,4350,0.8535067637091316
fold_02,headtail,Бытовая техника,any_trunc,1385,0.8513792572050908
fold_02,headtail,Бытовая химия,all,4400,0.9095601097672404
fold_02,headtail,Бытовая химия,any_trunc,97,0.8788663629845116
fold_02,headtail,Галантерея и аксессуары,all,4507,0.7240205982602365
fold_02,headtail,Галантерея и аксессуары,any_trunc,124,0.42965292017923595
fold_02,headtail,Детские товары,all,4432,0.9159465189710185
fold_02,headtail,Детские товары,any_trunc,71,0.5469321185877163
fold_02,headtail,Дом и сад,all,4436,0.8449345728022187
fold_02,headtail,Дом и сад,any_trunc,257,0.6251014622514088
fold_02,headtail,Канцелярские товары,all,4361,0.8317935816618286
fold_02,headtail,Канцелярские товары,any_trunc,24,0.925
fold_02,headtail,Красота и гигиена,all,4224,0.8271871657025067
fold_02,headtail,Красота и гигиена,any_trunc,724,0.8878107765548635
fold_02,headtail,Мебель,all,4565,0.764477347710826
fold_02,headtail,Мебель,any_trunc,1641,0.7414050613551654
fold_02,headtail,Музыкальные инструменты,all,4375,0.8553810001266005
fold_02,headtail,Музыкальные инструменты,any_trunc,50,0.7079365079365079
fold_02,headtail,Обувь,all,4622,0.5572300222713213
fold_02,headtail,Обувь,any_trunc,115,0.5672047934144708
fold_02,headtail,Одежда,all,5777,0.5730119478968548
fold_02,headtail,Одежда,any_trunc,148,0.5475978410185964
fold_02,headtail,Продукты питания,all,4581,0.8905036071906856
fold_02,headtail,Продукты питания,any_trunc,915,0.8936345033550752
fold_02,headtail,Спорт и отдых,all,4417,0.7538503874435443
fold_02,headtail,Спорт и отдых,any_trunc,274,0.7274575374282434
fold_02,headtail,Строительство и ремонт,all,4495,0.8220030085352492
fold_02,headtail,Строительство и ремонт,any_trunc,637,0.842459054428459
fold_02,headtail,Товары для животных,all,4534,0.9069801535522538
fold_02,headtail,Товары для животных,any_trunc,1005,0.9291791804127473
fold_02,headtail,Хобби и творчество,all,4488,0.9381230154923281
fold_02,headtail,Хобби и творчество,any_trunc,84,0.6750845727858064
fold_02,headtail,Электроника,all,4906,0.780893801490903
fold_02,headtail,Электроника,any_trunc,1644,0.7653006340229503
fold_02,headtail,Ювелирные изделия,all,4824,0.5633234612599547
fold_02,headtail,Ювелирные изделия,any_trunc,413,0.585539769853534
fold_02,middle,Автотовары,all,4660,0.7242985024404719
fold_02,middle,Автотовары,any_trunc,439,0.6311595605615566
fold_02,middle,Аптека,all,4520,0.8681835925904677
fold_02,middle,Аптека,any_trunc,1931,0.6918172820756638
fold_02,middle,Бытовая техника,all,4350,0.8203865002274399
fold_02,middle,Бытовая техника,any_trunc,1385,0.7207590763896699
fold_02,middle,Бытовая химия,all,4400,0.9071291369851402
fold_02,middle,Бытовая химия,any_trunc,97,0.8274234666774453
fold_02,middle,Галантерея и аксессуары,all,4507,0.7235210386232145
fold_02,middle,Галантерея и аксессуары,any_trunc,124,0.40712737843551794
fold_02,middle,Детские товары,all,4432,0.914103103567005
fold_02,middle,Детские товары,any_trunc,71,0.394270147123408
fold_02,middle,Дом и сад,all,4436,0.8462636893858969
fold_02,middle,Дом и сад,any_trunc,257,0.5361646537021921
fold_02,middle,Канцелярские товары,all,4361,0.8325597525217516
fold_02,middle,Канцелярские товары,any_trunc,24,0.7933333333333333
fold_02,middle,Красота и гигиена,all,4224,0.7999064210954409
fold_02,middle,Красота и гигиена,any_trunc,724,0.7617993674723804
fold_02,middle,Мебель,all,4565,0.7262056782114749
fold_02,middle,Мебель,any_trunc,1641,0.6130438436070039
fold_02,middle,Музыкальные инструменты,all,4375,0.854740714531883
fold_02,middle,Музыкальные инструменты,any_trunc,50,0.6160714285714286
fold_02,middle,Обувь,all,4622,0.5523604911723218
fold_02,middle,Обувь,any_trunc,115,0.3889423771364501
fold_02,middle,Одежда,all,5777,0.575227421558882
fold_02,middle,Одежда,any_trunc,148,0.5276439307468533
fold_02,middle,Продукты питания,all,4581,0.8745253596114566
fold_02,middle,Продукты питания,any_trunc,915,0.7923237492519889
fold_02,middle,Спорт и отдых,all,4417,0.7470533096537193
fold_02,middle,Спорт и отдых,any_trunc,274,0.6192947610455283
fold_02,middle,Строительство и ремонт,all,4495,0.8102865250201521
fold_02,middle,Строительство и ремонт,any_trunc,637,0.7691007532816533
fold_02,middle,Товары для животных,all,4534,0.8825262908282054
fold_02,middle,Товары для животных,any_trunc,1005,0.8278039866800059
fold_02,middle,Хобби и творчество,all,4488,0.937445465242699
fold_02,middle,Хобби и творчество,any_trunc,84,0.7114173038768588
fold_02,middle,Электроника,all,4906,0.7360592320638398
fold_02,middle,Электроника,any_trunc,1644,0.541372544627181
fold_02,middle,Ювелирные изделия,all,4824,0.555659037459434
fold_02,middle,Ювелирные изделия,any_trunc,413,0.5430452778151199
